605e4806-5c1e-40f3-8a65-f9732fee2aa6,DS,1659776641970
Accelerometer x,Accelerometer y,Accelerometer z,Gyroscope x,Gyroscope y,Gyroscope z,Magnetometer x,Magnetometer y,Magnetometer z,GPS-Longitude,GPS-Latitude,GPS-Speed,Proximity_ON/OFF,Orientation yaw,Orientation pitch,Orientation roll,Screen
0.2907,5.8386,6.4897,0.4122,-0.1909,0.0170,-18.1610,-7.2601,27.1164,-0.0000,-0.0000,-0.0000,0.0000,-2.3847,0.8731,-0.0000,1.0000
-3.4562,5.7440,2.4511,0.5272,0.3896,-1.4563,29.7958,0.1678,52.9388,-0.0000,-0.0000,-0.0000,0.0000,2.7426,1.0804,-0.0491,1.0000
-2.4123,8.3274,-0.0449,-0.0043,0.0317,-0.0310,30.6107,12.7579,51.2039,-0.0000,-0.0000,-0.0000,0.0000,1.7392,1.4350,0.9267,1.0000
-2.5779,8.1694,-0.4415,0.0159,-0.0418,-0.0608,29.5151,15.7883,50.9735,-0.0000,-0.0000,-0.0000,0.0000,1.1945,1.3854,1.4081,1.0000
-2.6880,8.0042,-0.5549,0.0372,-0.0173,-0.0033,31.9107,17.2836,48.2330,-0.0000,-0.0000,-0.0000,0.0000,0.8552,1.2574,1.6985,1.0000
-3.0583,7.7763,-1.1574,-0.0065,-0.0077,-0.0225,30.2948,20.8389,49.1943,-0.0000,-0.0000,-0.0000,0.0000,0.7086,1.1940,1.8361,1.0000
-3.2926,8.0042,-1.3405,0.0830,0.0722,0.0191,29.9316,23.4985,47.6746,-0.0000,-0.0000,-0.0000,0.0000,0.5983,1.1722,1.9504,1.0000
-4.2463,5.9428,-3.7683,0.3621,0.0136,-0.0257,28.4531,31.1874,46.2753,-0.0000,-0.0000,-0.0000,0.0000,0.2946,1.1207,2.2768,1.0000
-3.8077,7.7807,-2.8026,0.4836,0.1989,0.0905,24.3439,38.5269,43.1885,-0.0000,-0.0000,-0.0000,0.0000,0.2294,1.0018,2.3388,1.0000
-2.4011,5.7732,-7.8528,-0.3825,-0.1845,-0.0906,20.2118,52.4246,31.0608,-0.0000,-0.0000,-0.0000,0.0000,-0.0167,0.7167,2.6424,1.0000
-1.0269,9.0927,-1.1989,-0.0991,0.0445,0.3397,21.8826,21.1884,52.4094,-0.0000,-0.0000,-0.0000,0.0000,0.4411,1.2594,2.3391,1.0000
-6.9513,4.2441,-3.8305,-0.1748,-0.6724,-0.1428,5.1758,27.5803,43.1488,-0.0000,-0.0000,-0.0000,0.0000,0.7040,0.4933,1.9898,1.0000
-6.8791,6.7739,-0.8785,-0.3633,-0.3806,0.0255,32.2037,19.5404,44.4931,-0.0000,-0.0000,-0.0000,0.0000,0.7807,0.8274,1.6513,1.0000
-2.8429,7.5062,-1.3816,-1.0408,0.7742,-0.6393,33.5922,13.0508,49.1638,-0.0000,-0.0000,-0.0000,0.0000,0.7803,1.1390,1.7071,1.0000
-5.2099,7.3493,-0.9351,-0.0374,0.0019,-0.0448,36.6791,26.6006,42.2394,-0.0000,-0.0000,-0.0000,0.0000,0.5296,0.9033,1.7815,1.0000
-5.1210,6.8637,-1.7735,0.1033,-0.0684,0.0351,39.5111,30.6656,39.3600,-0.0000,-0.0000,-0.0000,0.0000,0.4879,0.8999,1.7835,1.0000
-5.0423,7.0872,-2.4874,-0.0885,-0.0152,-0.0576,36.4090,32.6340,39.7476,-0.0000,-0.0000,-0.0000,0.0000,0.3820,0.8919,1.9560,1.0000
-4.5164,6.3749,-3.7491,0.1565,0.0413,0.0425,30.1620,41.6168,36.2289,-0.0000,-0.0000,-0.0000,0.0000,0.1801,0.8242,2.2239,1.0000
-4.7527,6.5892,-3.3098,0.1714,-0.0578,-0.0043,30.4199,40.4556,35.3943,-0.0000,-0.0000,-0.0000,0.0000,0.1742,0.8220,2.2265,1.0000
-4.6852,6.6558,-3.6617,-0.1780,-0.1270,0.1096,32.1579,39.1113,34.6054,-0.0000,-0.0000,-0.0000,0.0000,0.1924,0.8263,2.1761,1.0000
-5.1122,6.7153,-2.8980,-0.0608,-0.0407,-0.0001,32.8003,36.1069,38.1500,-0.0000,-0.0000,-0.0000,0.0000,0.2423,0.8747,2.1262,1.0000
-4.6497,6.6303,-2.8529,-0.0118,-0.0301,-0.0022,31.7291,37.8128,36.8835,-0.0000,-0.0000,-0.0000,0.0000,0.1808,0.8466,2.1892,1.0000
-4.7950,6.5146,-4.7643,0.2290,0.1904,-0.0768,26.9470,46.0236,33.7234,-0.0000,-0.0000,-0.0000,0.0000,0.1035,0.7859,2.3195,1.0000
-4.2626,6.1558,-4.6238,0.2748,0.0977,-0.0555,23.0118,52.7344,28.0869,-0.0000,-0.0000,-0.0000,0.0000,-0.0180,0.6553,2.5266,1.0000
4.8090,5.7600,-8.8508,-1.2432,0.7156,0.0500,27.1713,49.3118,30.7556,-0.0000,-0.0000,-0.0000,0.0000,-0.3171,0.8147,-3.0532,1.0000
-3.0216,5.1850,5.6509,-3.3397,0.5217,0.4953,27.7527,37.4084,57.8522,-0.0000,-0.0000,-0.0000,0.0000,-0.1788,0.7476,-2.9572,1.0000
-0.1542,9.0373,-3.3030,-0.6808,0.3992,0.0905,2.2141,26.2039,58.1802,-0.0000,-0.0000,-0.0000,0.0000,0.3748,1.3745,2.9242,1.0000
-1.2635,3.2780,9.6784,1.5030,1.0991,0.8894,-32.2266,1.7029,-6.6422,-0.0000,-0.0000,-0.0000,0.0000,-2.0187,0.6809,0.0421,1.0000
-3.6832,5.4539,6.5092,-1.2858,-0.3742,-0.1556,-29.3915,5.9052,-21.4798,-0.0000,-0.0000,-0.0000,0.0000,-1.7720,0.7584,0.3032,1.0000
1.2476,6.9619,8.0407,0.5507,-0.4754,-0.2153,-34.0210,1.2405,28.7277,-0.0000,-0.0000,-0.0000,0.0000,-2.1680,0.9345,0.0387,1.0000
-12.0634,-1.4992,-2.2711,0.5890,0.3694,-1.3168,-1.4023,-4.3808,64.7720,-0.0000,-0.0000,-0.0000,1.0000,1.5155,0.4690,1.6971,1.0000
-10.1472,-0.2263,0.8805,-0.5583,0.0019,0.2758,26.9943,-6.4468,67.6331,-0.0000,-0.0000,-0.0000,1.0000,1.5804,0.2710,1.3959,1.0000
-10.0510,0.5299,0.5732,0.0713,0.0679,-0.1503,16.3544,-18.3105,66.0461,-0.0000,-0.0000,-0.0000,1.0000,1.7689,0.2362,1.4826,1.0000
-10.3583,0.2877,0.8406,-0.1322,-0.0620,0.0308,22.0016,-16.6245,65.9592,-0.0000,-0.0000,-0.0000,1.0000,1.7673,0.1850,1.4680,1.0000
-10.5430,0.3327,0.4946,0.0543,0.0701,0.1767,20.1065,-19.1055,64.5416,-0.0000,-0.0000,-0.0000,1.0000,1.8154,0.1390,1.4738,1.0000
-10.0211,0.9955,0.1826,-0.0224,-0.0290,0.0148,18.1854,-15.6876,66.8579,-0.0000,-0.0000,-0.0000,1.0000,1.7679,0.1161,1.5232,1.0000
-11.0606,-0.1980,-0.5297,0.2918,0.0136,-0.0651,16.4719,-10.1959,68.5883,-0.0000,-0.0000,-0.0000,1.0000,1.7134,0.0742,1.5807,1.0000
-10.1125,0.3232,1.0417,-0.4272,0.3140,0.1416,24.1623,-3.9505,68.2526,-0.0000,-0.0000,-0.0000,1.0000,1.6099,0.0717,1.4650,1.0000
-10.5702,0.4026,-0.5050,0.1491,-0.0759,-0.1652,14.8224,-10.1440,69.5541,-0.0000,-0.0000,-0.0000,1.0000,1.7085,0.0675,1.5835,1.0000
-10.1751,0.6153,-0.5074,-0.1449,0.1329,0.0521,14.2822,-9.5184,68.6295,-0.0000,-0.0000,-0.0000,1.0000,1.7202,0.0480,1.5694,1.0000
-10.1300,-0.1210,-0.0509,0.0266,-0.0258,0.0265,15.6906,-7.9483,69.5816,-0.0000,-0.0000,-0.0000,1.0000,1.7142,0.0270,1.5969,1.0000
-10.0019,0.3986,0.3362,-0.2941,-0.0546,-0.1162,20.4498,-11.7188,68.1183,-0.0000,-0.0000,-0.0000,1.0000,1.7362,0.0704,1.5235,1.0000
-10.0015,0.6939,0.6359,0.1150,0.1137,0.0287,28.0533,-15.2557,66.6016,-0.0000,-0.0000,-0.0000,1.0000,1.7893,0.0516,1.4581,1.0000
-10.1971,1.1308,0.7823,0.2375,-0.1920,-0.0299,28.1433,-15.2573,65.3900,-0.0000,-0.0000,-0.0000,1.0000,1.7434,0.0882,1.4575,1.0000
-9.8798,1.3806,0.0784,0.1448,0.1169,-0.0736,22.7951,-13.4598,64.2212,-0.0000,-0.0000,-0.0000,1.0000,1.6820,0.0855,1.4977,1.0000
-10.1264,0.8734,0.7137,-0.0587,0.0306,-0.0480,20.8939,-13.2431,63.9709,-0.0000,-0.0000,-0.0000,1.0000,1.6603,0.0906,1.5300,1.0000
-10.3088,0.4684,-0.6043,-0.1599,0.0977,-0.0416,10.8826,-5.5435,64.7980,-0.0000,-0.0000,-0.0000,1.0000,1.5752,0.1001,1.6393,1.0000
-9.1907,3.4680,-1.3956,-0.3228,-0.0226,-0.1151,-2.7588,-15.0772,61.3403,-0.0000,-0.0000,-0.0000,1.0000,1.6983,0.2386,1.7180,1.0000
-10.1631,1.2354,3.6885,-0.1481,1.2674,0.5134,39.7186,-11.0260,57.3151,-0.0000,-0.0000,-0.0000,1.0000,1.6958,0.0993,1.2256,1.0000
-9.9676,0.3559,0.4970,-0.0160,0.1627,-0.0619,18.1534,-11.8332,67.4469,-0.0000,-0.0000,-0.0000,1.0000,1.7292,0.0502,1.5516,1.0000
-9.5450,2.2633,0.9084,0.1182,0.0104,-0.4283,3.8620,-20.2499,59.6970,-0.0000,-0.0000,-0.0000,1.0000,1.8948,0.1722,1.5346,1.0000
-10.5035,0.1121,0.3965,-0.1535,0.2213,0.0905,18.9407,-16.7633,66.7648,-0.0000,-0.0000,-0.0000,1.0000,1.8563,-0.0078,1.5453,1.0000
-9.9780,1.0362,0.8154,-0.2547,0.2469,-0.0938,19.0247,-18.2526,68.9133,-0.0000,-0.0000,-0.0000,1.0000,1.9108,0.0586,1.5206,1.0000
-10.7006,0.0462,1.1167,0.0489,-0.0013,-0.0715,25.8484,-19.4473,70.6390,-0.0000,-0.0000,-0.0000,1.0000,1.8902,0.0342,1.4888,1.0000
-9.2158,-1.3368,1.9615,0.3579,-0.0152,-0.0129,23.0728,-15.1291,68.7683,-0.0000,-0.0000,-0.0000,1.0000,1.8336,0.0227,1.4781,1.0000
-10.3555,0.5383,0.5313,-0.0629,0.2895,0.0521,26.3565,-21.7316,66.8564,-0.0000,-0.0000,-0.0000,1.0000,1.9034,0.0347,1.4594,1.0000
-10.2813,0.8882,0.1008,0.2215,-0.1132,-0.0470,22.3434,-17.4835,68.6279,-0.0000,-0.0000,-0.0000,1.0000,1.8094,0.0542,1.5243,1.0000
-9.7242,0.7817,0.2588,-0.1332,-0.1739,-0.1002,25.9186,-15.6662,70.1019,-0.0000,-0.0000,-0.0000,1.0000,1.7735,0.0394,1.4990,1.0000
-10.7198,0.5027,0.8486,0.1736,0.0136,0.2534,25.6332,-20.4681,66.7603,-0.0000,-0.0000,-0.0000,1.0000,1.8354,0.0325,1.4889,1.0000
-9.3639,1.3128,0.1690,0.1374,-0.1142,-0.1269,13.6383,-17.1707,66.3605,-0.0000,-0.0000,-0.0000,1.0000,1.8052,0.1431,1.5468,1.0000
-10.4640,1.0159,0.3130,-0.0001,-0.2708,-0.7309,18.7637,-19.5328,68.6691,-0.0000,-0.0000,-0.0000,1.0000,1.8232,0.1026,1.5352,1.0000
-10.2713,-0.1261,0.7867,0.0830,0.0519,0.0553,25.1419,-20.3613,65.5655,-0.0000,-0.0000,-0.0000,1.0000,1.8802,0.0034,1.5068,1.0000
-10.5111,0.1660,0.8992,-0.0991,-0.0013,0.0638,23.2697,-23.5443,64.1052,-0.0000,-0.0000,-0.0000,1.0000,1.9074,0.0264,1.5032,1.0000
-10.3591,0.3862,0.8896,0.4015,-0.1909,0.0958,25.8163,-23.6969,64.7339,-0.0000,-0.0000,-0.0000,1.0000,1.9323,0.0177,1.5026,1.0000
-9.9704,-0.9011,0.5126,0.0553,0.0892,0.0649,21.6827,-23.7854,66.9189,-0.0000,-0.0000,-0.0000,1.0000,1.9240,-0.0456,1.5619,1.0000
-10.5666,-0.2247,0.2711,0.0138,-0.0365,0.1949,16.6748,-23.4772,66.7572,-0.0000,-0.0000,-0.0000,1.0000,1.9367,-0.0063,1.6066,1.0000
-10.6659,0.1715,0.6626,-0.2387,0.1872,0.0915,16.2918,-25.0916,65.8737,-0.0000,-0.0000,-0.0000,1.0000,1.9741,-0.0111,1.5526,1.0000
-10.3036,0.0411,0.6905,0.0361,-0.0365,-0.0139,21.9360,-24.6124,68.4311,-0.0000,-0.0000,-0.0000,1.0000,1.9574,-0.0004,1.5311,1.0000
-10.5877,0.0997,0.7767,-0.1971,0.1798,0.1096,24.3927,-23.6725,70.2560,-0.0000,-0.0000,-0.0000,1.0000,1.9526,-0.0017,1.5130,1.0000
-10.3224,0.2569,-0.2935,0.1022,-0.0972,-0.1364,20.3232,-21.5637,67.8436,-0.0000,-0.0000,-0.0000,1.0000,1.8803,0.0561,1.5272,1.0000
-9.9904,0.5323,0.8158,0.1864,-0.2431,-0.0938,28.1433,-16.1224,68.5059,-0.0000,-0.0000,-0.0000,1.0000,1.7555,0.0204,1.4733,1.0000
-10.2418,0.3411,0.2983,-0.0011,-0.0674,0.1267,21.4249,-18.0099,68.2327,-0.0000,-0.0000,-0.0000,1.0000,1.7016,0.0341,1.5055,1.0000
-10.1189,0.4660,0.1518,0.0425,-0.0269,0.0244,20.2576,-16.5085,65.4984,-0.0000,-0.0000,-0.0000,1.0000,1.7505,0.0622,1.5169,1.0000
-9.5822,1.2781,-0.1311,0.1342,0.0488,-0.0363,18.2190,-17.9459,67.4072,-0.0000,-0.0000,-0.0000,1.0000,1.7257,0.0706,1.5378,1.0000
-10.1332,1.8818,0.2895,0.1363,0.2661,0.1139,20.9106,-15.3885,70.3369,-0.0000,-0.0000,-0.0000,1.0000,1.7348,0.1297,1.5319,1.0000
-10.6192,1.3970,1.0054,-0.0906,-0.1078,0.0436,29.1290,-17.8146,64.3829,-0.0000,-0.0000,-0.0000,1.0000,1.7538,0.0755,1.4923,1.0000
-10.1049,-0.7299,0.9878,-0.4581,0.3108,0.2577,33.1055,-17.4057,64.4775,-0.0000,-0.0000,-0.0000,1.0000,1.8219,0.0442,1.4646,1.0000
-10.3299,0.2011,1.5808,-0.0768,0.0764,0.1437,25.0916,-20.9518,68.0298,-0.0000,-0.0000,-0.0000,1.0000,1.8986,0.0645,1.5197,1.0000
-10.9544,0.3104,1.7939,-0.2238,0.2724,0.2396,23.1415,-27.1164,66.4780,-0.0000,-0.0000,-0.0000,1.0000,2.0177,0.0759,1.5457,1.0000
-10.1452,-0.0112,1.1430,-0.1993,-0.1941,0.0638,23.0026,-32.2144,67.1326,-0.0000,-0.0000,-0.0000,1.0000,2.1053,0.0303,1.5449,1.0000
-10.0171,0.1101,0.7688,0.1011,-0.1718,-0.3303,16.6290,-31.6833,64.1785,-0.0000,-0.0000,-0.0000,1.0000,2.1361,0.0392,1.5441,1.0000
-10.0570,-0.6604,1.4523,-0.1758,-0.2080,0.2417,21.3989,-33.8806,63.8901,-0.0000,-0.0000,-0.0000,1.0000,2.1315,0.0317,1.5256,1.0000
-10.7198,0.4098,0.2301,0.3643,-0.5521,-0.2632,16.4871,-35.5255,62.7960,-0.0000,-0.0000,-0.0000,1.0000,2.1512,0.0299,1.5669,1.0000
-9.8671,0.6707,0.2672,0.3440,-0.2602,-0.3165,14.6255,-32.9025,64.3997,-0.0000,-0.0000,-0.0000,1.0000,2.1178,0.0474,1.5653,1.0000
-10.2102,-0.5096,0.5385,0.0500,-0.0535,0.0692,16.7374,-27.5787,65.7730,-0.0000,-0.0000,-0.0000,1.0000,1.9986,-0.0113,1.5593,1.0000
-10.6540,0.6161,-0.1658,-0.1130,0.1233,0.1277,12.7335,-28.8162,65.3732,-0.0000,-0.0000,-0.0000,1.0000,2.0196,0.0394,1.5659,1.0000
-9.8367,0.1731,-0.0676,0.0702,-0.2336,-0.3602,18.7210,-31.4621,66.3895,-0.0000,-0.0000,-0.0000,1.0000,2.0418,-0.0033,1.5477,1.0000
-9.3998,0.9540,-0.3374,0.1022,-0.0248,-0.0534,15.1459,-29.9759,66.8411,-0.0000,-0.0000,-0.0000,1.0000,1.9874,0.0308,1.5698,1.0000
-9.6775,0.3671,0.4962,-0.0661,0.1638,0.2843,17.7826,-26.1673,67.6270,-0.0000,-0.0000,-0.0000,1.0000,1.9402,0.0187,1.5241,1.0000
-10.4349,0.6061,0.2085,0.1160,-0.1185,-0.1013,18.5577,-25.8835,66.7831,-0.0000,-0.0000,-0.0000,1.0000,1.9285,0.0271,1.5440,1.0000
-10.4708,-0.5874,-0.1107,-0.1172,-0.0631,0.1054,16.4459,-26.8143,67.8955,-0.0000,-0.0000,-0.0000,1.0000,1.9251,-0.0274,1.5967,1.0000
-10.1077,0.0450,-0.1323,-0.0768,0.0061,-0.0331,16.3452,-25.7233,68.9865,-0.0000,-0.0000,-0.0000,1.0000,1.9162,-0.0066,1.5769,1.0000
-10.0199,-0.3197,0.7544,0.1459,-0.0823,-0.0097,21.2769,-27.8778,68.0649,-0.0000,-0.0000,-0.0000,1.0000,1.9514,-0.0358,1.5462,1.0000
-10.3100,-0.2626,-0.3174,-0.0501,0.0743,-0.0448,17.5156,-28.3966,65.7700,-0.0000,-0.0000,-0.0000,1.0000,1.9665,-0.0019,1.5646,1.0000
-10.3435,-0.3540,-0.2919,-0.1023,0.0136,0.0489,18.4479,-28.0457,65.1901,-0.0000,-0.0000,-0.0000,1.0000,1.9548,-0.0263,1.5499,1.0000
-9.5215,0.1065,-0.1426,-0.0235,-0.0919,-0.1269,12.5565,-25.9857,66.1896,-0.0000,-0.0000,-0.0000,1.0000,1.9325,-0.0040,1.5758,1.0000
-9.6041,0.1867,0.1969,0.1214,0.1979,0.3131,19.2902,-24.8337,68.7790,-0.0000,-0.0000,-0.0000,1.0000,1.9536,-0.0221,1.5627,1.0000
-10.4249,-0.1553,0.1866,0.1565,-0.1664,-0.1301,17.7719,-26.8997,67.0120,-0.0000,-0.0000,-0.0000,1.0000,1.9501,0.0003,1.5593,1.0000
-10.1699,0.2122,0.2305,0.1320,-0.1419,-0.1279,22.5632,-24.7086,68.6676,-0.0000,-0.0000,-0.0000,1.0000,1.9261,-0.0158,1.5329,1.0000
-10.7872,-0.3839,0.2923,0.0063,0.0168,0.1725,20.1187,-22.3083,69.0445,-0.0000,-0.0000,-0.0000,1.0000,1.8984,-0.0144,1.5636,1.0000
-10.1624,0.3491,0.8577,0.3387,-0.3017,0.0361,22.1512,-26.6968,66.0370,-0.0000,-0.0000,-0.0000,1.0000,1.9646,0.0088,1.5562,1.0000
-9.9991,-0.0423,0.4858,-0.0469,0.1766,0.2460,17.6575,-29.5609,65.1199,-0.0000,-0.0000,-0.0000,1.0000,1.9725,0.0231,1.5588,1.0000
-10.1396,0.0514,0.7652,-0.0267,-0.0088,0.0170,21.6125,-26.5503,69.9936,-0.0000,-0.0000,-0.0000,1.0000,1.9402,-0.0044,1.5138,1.0000
-10.4365,-0.0691,1.0010,-0.2643,0.2298,0.2513,24.0723,-27.5360,65.7120,-0.0000,-0.0000,-0.0000,1.0000,1.9999,0.0070,1.5187,1.0000
-9.7649,0.3874,0.2987,0.0777,0.0125,0.0287,19.8883,-27.9404,66.9601,-0.0000,-0.0000,-0.0000,1.0000,1.9828,0.0411,1.5223,1.0000
-10.8495,-0.2726,0.9503,0.0234,0.0871,0.1000,19.8654,-28.9124,65.0986,-0.0000,-0.0000,-0.0000,1.0000,1.9858,0.0368,1.5204,1.0000
-10.5630,-0.1521,0.3502,-0.0395,-0.0343,-0.0459,18.2571,-26.7944,65.0665,-0.0000,-0.0000,-0.0000,1.0000,1.9925,0.0351,1.5276,1.0000
-10.0909,0.4576,0.4391,0.1821,-0.0951,-0.0811,16.6779,-28.1830,65.0620,-0.0000,-0.0000,-0.0000,1.0000,2.0072,0.0365,1.5262,1.0000
-10.1376,-0.1840,0.1642,0.0905,-0.1984,-0.1854,16.8716,-28.5004,66.4978,-0.0000,-0.0000,-0.0000,1.0000,1.9888,0.0338,1.5474,1.0000
-10.5243,0.3295,0.5170,0.0021,-0.0620,0.0159,20.9534,-28.6392,65.8890,-0.0000,-0.0000,-0.0000,1.0000,1.9892,0.0132,1.5167,1.0000
-10.5578,-0.1369,0.4687,0.1160,0.0956,0.1320,20.7245,-28.6819,66.8335,-0.0000,-0.0000,-0.0000,1.0000,1.9801,0.0047,1.5118,1.0000
-9.9860,-0.6389,0.1937,-0.1684,0.1659,0.0457,22.6181,-25.3525,67.0700,-0.0000,-0.0000,-0.0000,1.0000,1.9079,-0.0082,1.4959,1.0000
-10.7050,0.5303,0.4862,0.4889,-0.1622,-0.1609,21.3333,-31.1172,61.2305,-0.0000,-0.0000,-0.0000,1.0000,1.9502,0.0267,1.4957,1.0000
-10.0299,0.4924,0.0110,0.0117,-0.0418,-0.0289,18.0191,-23.3200,65.8890,-0.0000,-0.0000,-0.0000,1.0000,1.8425,0.0202,1.5371,1.0000
-9.7857,0.1025,0.0629,0.1129,-0.0226,-0.1141,20.7321,-22.1100,67.7429,-0.0000,-0.0000,-0.0000,1.0000,1.8289,0.0088,1.5142,1.0000
-10.1823,0.2761,0.8649,-0.1492,-0.0631,-0.0299,24.2203,-20.1935,67.7094,-0.0000,-0.0000,-0.0000,1.0000,1.8169,-0.0121,1.5038,1.0000
-9.8902,0.0171,0.8809,0.0702,0.0253,0.0351,24.6170,-24.1684,70.0531,-0.0000,-0.0000,-0.0000,1.0000,1.8942,-0.0060,1.5159,1.0000
-10.2230,0.1396,0.6989,-0.2408,0.0455,0.0979,19.7983,-25.0015,67.2195,-0.0000,-0.0000,-0.0000,1.0000,1.9056,0.0307,1.5329,1.0000
-10.6983,-0.5798,0.2644,-0.1183,-0.0599,-0.0704,15.7364,-25.6302,67.7597,-0.0000,-0.0000,-0.0000,1.0000,1.9260,0.0404,1.5501,1.0000
-11.3898,1.0151,0.9647,-0.1077,0.3364,0.0489,6.9595,-28.2013,66.1636,-0.0000,-0.0000,-0.0000,1.0000,1.9535,0.1609,1.5583,1.0000
0.4132,7.0222,7.6732,0.1352,0.6709,0.2428,-37.0377,18.0344,8.3878,-0.0000,-0.0000,-0.0000,0.0000,-1.3429,1.1946,-0.1761,1.0000
-0.2631,6.6650,5.2160,0.2865,0.1009,0.1192,-34.6893,22.7539,-2.9221,-0.0000,-0.0000,-0.0000,0.0000,-1.0565,1.1046,-0.1872,1.0000
4.4834,6.1183,7.4857,1.5488,-0.5808,-0.7650,-31.5323,16.1407,14.8621,-0.0000,-0.0000,-0.0000,0.0000,-1.0809,1.0858,-0.4705,1.0000
0.6654,7.3122,4.2056,-0.3101,-0.8013,-0.3708,3.8971,0.5051,47.1649,-0.0000,-0.0000,-0.0000,0.0000,-2.0854,1.2054,-0.2883,1.0000
1.4471,8.5732,2.0999,-1.9676,0.3449,-0.0203,8.7189,-2.1713,46.9788,-0.0000,-0.0000,-0.0000,0.0000,-2.1106,1.4233,-0.6539,1.0000
-0.3497,9.0536,1.3342,0.0639,0.3140,0.1576,12.3047,5.7037,46.0480,-0.0000,-0.0000,-0.0000,0.0000,2.8687,1.4211,0.4498,1.0000
2.5449,6.9324,2.9000,2.6066,-0.5510,-0.8108,4.4754,12.4542,34.8053,-0.0000,-0.0000,-0.0000,0.0000,-2.3696,1.3072,-0.4953,1.0000
0.7644,8.3310,0.0441,0.2034,0.0732,-0.1386,0.2441,23.0347,24.0372,-0.0000,-0.0000,-0.0000,0.0000,-0.0887,1.4002,-2.5357,1.0000
-0.0189,8.4551,-3.0684,0.1405,0.1851,-0.1173,-0.7629,20.7962,20.0180,-0.0000,-0.0000,-0.0000,0.0000,0.3783,1.4077,-2.9888,1.0000
0.9320,7.3956,4.1661,-0.4869,0.3641,0.1352,-0.6241,-10.1089,23.8708,-0.0000,-0.0000,-0.0000,0.0000,-2.7062,1.0111,-0.1150,1.0000
1.3961,7.1031,4.7072,0.1491,-0.0684,0.0755,-9.0775,-9.1415,18.0801,-0.0000,-0.0000,-0.0000,0.0000,-2.5610,0.9457,-0.2068,1.0000
1.3262,5.7440,6.9817,-0.2930,-0.0013,-0.0139,-16.0934,-12.1689,14.2380,-0.0000,-0.0000,-0.0000,0.0000,-2.5829,0.7511,-0.1990,1.0000
1.2612,5.5613,6.9167,0.1917,-0.1782,-0.0374,-19.3695,-13.4949,13.8702,-0.0000,-0.0000,-0.0000,0.0000,-2.4721,0.7240,-0.2150,1.0000
0.8131,6.2879,6.3867,0.0244,0.0754,-0.0214,-18.5944,-12.1872,13.2278,-0.0000,-0.0000,-0.0000,0.0000,-2.3482,0.7546,-0.2194,1.0000
-0.8062,5.4595,7.9382,0.7062,-0.7886,1.4923,-13.2736,-17.6514,11.2442,-0.0000,-0.0000,-0.0000,0.0000,-2.4541,0.6158,-0.1267,1.0000
-0.3529,7.1530,4.8588,-0.1673,0.0338,-0.1034,-9.2865,-7.2861,14.9490,-0.0000,-0.0000,-0.0000,0.0000,-2.3456,1.0254,-0.0406,1.0000
0.2644,7.0433,4.9546,-0.1385,0.1531,0.0148,-10.7101,-7.7026,12.3749,-0.0000,-0.0000,-0.0000,0.0000,-2.4111,0.9565,-0.0210,1.0000
0.0014,6.5629,6.8428,0.5272,-0.1313,0.1171,-10.9726,-8.5602,8.7601,-0.0000,-0.0000,-0.0000,0.0000,-2.3743,0.8600,-0.0124,1.0000
-0.4291,7.1634,5.4969,0.3717,0.1095,-0.0363,-6.9733,-4.8737,10.2036,-0.0000,-0.0000,-0.0000,0.0000,-2.3742,0.9731,0.0436,1.0000
-0.6977,8.1650,3.6131,0.4356,-0.0493,0.0106,-2.1072,1.4755,12.1933,-0.0000,-0.0000,-0.0000,0.0000,-2.4148,1.1136,0.1792,1.0000
-2.4566,7.0138,3.9874,0.0127,-0.0013,-0.1450,-3.3371,-1.5854,9.6680,-0.0000,-0.0000,-0.0000,0.0000,-2.6841,0.9898,0.4340,1.0000
-1.6901,6.3993,6.9450,-0.0533,-0.0887,0.0244,-8.0048,-8.9554,7.4646,-0.0000,-0.0000,-0.0000,0.0000,-2.5545,0.8067,0.2161,1.0000
-0.5915,5.6730,7.3229,-0.1812,0.0541,0.0052,-11.4075,-9.4971,3.9413,-0.0000,-0.0000,-0.0000,0.0000,-2.5146,0.6918,0.1652,1.0000
-1.1115,5.4188,6.8736,0.0383,0.0072,0.0010,-10.6796,-8.2443,3.8589,-0.0000,-0.0000,-0.0000,0.0000,-2.4119,0.6223,0.1439,1.0000
-1.2711,6.1558,6.0970,-0.6009,0.4067,0.2375,-8.6517,-8.8379,4.9713,-0.0000,-0.0000,-0.0000,0.0000,-2.4066,0.7725,0.1075,1.0000
-1.5141,6.3965,6.9326,-0.1812,0.0924,0.1554,-6.8909,-3.8315,4.4220,-0.0000,-0.0000,-0.0000,0.0000,-2.3671,0.8507,0.2528,1.0000
-1.2392,7.0325,4.9726,0.3334,0.0583,-0.0246,-3.1357,1.5701,4.9438,-0.0000,-0.0000,-0.0000,0.0000,-2.3735,0.9652,0.3569,1.0000
-2.2687,6.8889,5.2862,0.0532,0.0786,-0.0118,-3.1113,1.3092,3.3051,-0.0000,-0.0000,-0.0000,0.0000,-2.4789,0.9115,0.5288,1.0000
-2.7280,6.2009,6.0719,-0.6435,-0.0269,0.4707,-4.1443,-0.3540,-0.5264,-0.0000,-0.0000,-0.0000,0.0000,-2.4243,0.8762,0.5025,1.0000
-1.9287,6.2125,5.1306,0.0511,-0.0770,-0.0406,-3.1174,0.3342,-1.2482,-0.0000,-0.0000,-0.0000,0.0000,-2.3106,0.8096,0.4098,1.0000
-0.8154,4.8722,8.0779,-0.5977,-0.2336,-0.1119,-9.7900,-1.3550,-3.5019,-0.0000,-0.0000,-0.0000,0.0000,-2.1724,0.6696,0.2212,1.0000
-1.2300,5.2592,6.9119,0.1746,-0.1100,-0.1567,-7.3166,-0.5814,-5.5130,-0.0000,-0.0000,-0.0000,0.0000,-2.1841,0.6988,0.2589,1.0000
-1.7360,5.2197,6.2096,-0.1492,-0.0418,0.0585,-3.8925,-0.0687,-4.6722,-0.0000,-0.0000,-0.0000,0.0000,-2.1700,0.6626,0.2940,1.0000
-1.5149,5.8211,6.9825,-0.1609,0.0242,-0.0470,-5.4581,-0.3357,-5.6961,-0.0000,-0.0000,-0.0000,0.0000,-2.0987,0.6777,0.2453,1.0000
-1.2020,5.1523,6.9326,0.1224,-0.0791,-0.0587,-7.7103,0.1251,-4.7501,-0.0000,-0.0000,-0.0000,0.0000,-2.0914,0.6473,0.2076,1.0000
-1.9235,5.3586,7.3616,-0.4006,0.1808,-0.0363,-3.8742,4.0543,-7.5989,-0.0000,-0.0000,-0.0000,0.0000,-1.9914,0.6725,0.2442,1.0000
-1.0648,5.0721,8.0974,-0.7798,-0.1845,0.0308,-7.1930,3.1540,-8.8058,-0.0000,-0.0000,-0.0000,0.0000,-1.9821,0.5673,0.1860,1.0000
-0.2236,3.4492,8.7438,-0.3292,-0.1377,0.0201,-15.9378,1.0406,-7.5928,-0.0000,-0.0000,-0.0000,0.0000,-1.8605,0.3471,0.0319,1.0000
-0.5887,4.2130,7.5619,0.4473,0.0647,-0.0331,-14.7400,0.0244,-7.2006,-0.0000,-0.0000,-0.0000,0.0000,-1.6847,0.4654,0.0757,1.0000
-1.0077,4.6738,8.7422,0.0159,0.1052,0.0649,-9.0424,0.8789,-5.9982,-0.0000,-0.0000,-0.0000,0.0000,-1.6778,0.5459,0.1176,1.0000
-0.8174,4.9743,7.8392,-0.1875,0.0136,0.1022,-8.4930,-2.4902,-6.0257,-0.0000,-0.0000,-0.0000,0.0000,-1.7178,0.5678,0.1396,1.0000
-0.9870,4.9089,7.3085,-0.1982,0.0871,0.0947,-8.5739,-1.0483,-8.4213,-0.0000,-0.0000,-0.0000,0.0000,-1.6822,0.5666,0.1461,1.0000
-0.8014,4.8335,7.5647,-0.0501,0.0317,-0.0864,-9.0424,-0.4349,-6.6315,-0.0000,-0.0000,-0.0000,0.0000,-1.6883,0.5555,0.1477,1.0000
-0.8820,5.0030,6.9498,-0.0821,0.0019,-0.0789,-8.7112,1.7105,-6.7093,-0.0000,-0.0000,-0.0000,0.0000,-1.6639,0.5472,0.1619,1.0000
-1.0432,5.1678,7.7119,-0.1567,0.0370,0.3706,-4.6967,2.2934,-6.9534,-0.0000,-0.0000,-0.0000,0.0000,-1.6430,0.6447,0.1714,1.0000
-0.0887,5.1886,8.3979,-0.5647,0.0850,-0.0384,-9.1232,1.0986,-8.2825,-0.0000,-0.0000,-0.0000,0.0000,-1.5935,0.6088,0.0618,1.0000
-0.1638,4.3690,8.8671,-0.1769,0.0668,0.0521,-8.1604,1.0406,-7.1091,-0.0000,-0.0000,-0.0000,0.0000,-1.5751,0.5728,0.0583,1.0000
0.9108,3.0785,8.2395,-0.3857,0.0818,0.1128,-15.0360,-0.3922,-8.8318,-0.0000,-0.0000,-0.0000,0.0000,-1.5237,0.3249,-0.0587,1.0000
0.7692,2.9608,8.9653,-0.0288,-0.0184,0.0915,-15.9393,1.2238,-7.9987,-0.0000,-0.0000,-0.0000,0.0000,-1.4840,0.3139,-0.0441,1.0000
0.4128,1.5789,9.2929,-0.1631,0.0147,-0.0512,-19.0170,0.3906,-6.6788,-0.0000,-0.0000,-0.0000,0.0000,-1.4928,0.2184,-0.1000,1.0000
-0.3880,3.2429,8.9106,0.3472,0.4290,0.2620,-12.4802,4.2892,-8.8699,-0.0000,-0.0000,-0.0000,0.0000,-1.4443,0.3647,-0.0085,1.0000
-1.0337,4.4081,7.9585,0.5272,0.3385,0.1352,-6.3095,2.5146,-9.2072,-0.0000,-0.0000,-0.0000,0.0000,-1.4045,0.5021,0.0647,1.0000
-1.1721,4.7433,7.6249,-0.1439,-0.2772,0.0702,-6.8436,1.9577,-7.3700,-0.0000,-0.0000,-0.0000,0.0000,-1.4248,0.5280,0.0995,1.0000
-0.5077,3.2106,8.6884,-0.0736,0.0125,-0.0278,-12.3001,2.5543,-8.1009,-0.0000,-0.0000,-0.0000,0.0000,-1.4251,0.4094,0.0298,1.0000
-0.1973,2.9879,8.5300,-0.0991,-0.0823,-0.0470,-13.0310,2.1301,-8.1741,-0.0000,-0.0000,-0.0000,0.0000,-1.4522,0.3624,0.0263,1.0000
6.1753,5.8223,6.4322,0.0670,1.5103,0.8447,10.2936,25.7217,-26.9775,-0.0000,-0.0000,-0.0000,0.0000,0.5189,0.8103,-0.4230,1.0000
1.1455,7.3122,5.9510,-0.4603,-0.2751,0.0659,17.6605,17.6407,-28.5324,-0.0000,-0.0000,-0.0000,0.0000,0.5172,0.9364,-0.0662,1.0000
-4.3568,7.0142,4.7224,0.9171,0.1404,0.3259,-1.8219,12.7182,-18.2220,-0.0000,-0.0000,-0.0000,0.0000,-0.3935,1.2160,0.0782,1.0000
-5.4486,7.4363,-0.5397,0.0575,-0.2975,0.0180,-4.9957,-0.9720,-15.8737,-0.0000,-0.0000,-0.0000,0.0000,-2.0301,1.1540,1.4921,1.0000
-4.0404,7.7512,1.0321,0.2801,0.4237,-0.0544,-7.3822,-3.7613,-14.6484,-0.0000,-0.0000,-0.0000,0.0000,-1.8711,1.1363,1.3366,1.0000
-4.2435,7.4232,-1.7863,0.0244,0.0488,0.0361,-2.1744,1.6785,-14.0335,-0.0000,-0.0000,-0.0000,0.0000,-2.3939,1.1756,1.9468,1.0000
-1.4239,6.0553,-5.8772,0.4527,0.4653,0.0809,6.0471,4.0161,-19.2551,-0.0000,-0.0000,-0.0000,0.0000,-2.9435,0.9272,2.8436,1.0000
0.2935,6.4850,-6.3157,0.0532,0.1180,-0.0139,10.5347,3.0930,-19.3817,-0.0000,-0.0000,-0.0000,0.0000,-2.8898,0.8718,3.0480,1.0000
-0.5500,6.9164,-6.2814,-0.1375,0.0967,-0.0438,11.0764,2.2751,-19.5084,-0.0000,-0.0000,-0.0000,0.0000,-2.6048,0.8545,3.0211,1.0000
-3.8057,5.8717,-3.2399,-2.1317,0.9787,1.1653,5.0278,15.9546,-21.5225,-0.0000,-0.0000,-0.0000,0.0000,-2.3234,1.2715,2.7946,1.0000
-3.2659,1.7976,8.4988,1.7150,0.5963,0.0585,37.5351,44.0826,-2.2247,-0.0000,-0.0000,-0.0000,0.0000,1.1462,0.1787,0.3244,1.0000
-1.9307,1.5594,9.2550,0.1885,-1.7196,-0.8864,24.3042,42.2195,-15.8859,-0.0000,-0.0000,-0.0000,0.0000,0.6486,0.3439,0.2019,1.0000
0.7604,6.6020,0.2879,-1.1750,0.5175,0.1757,8.4671,17.6346,-23.6496,-0.0000,-0.0000,-0.0000,0.0000,0.7595,1.2194,-0.7482,1.0000
1.6107,7.7244,4.1757,0.1214,-0.0130,0.1501,10.6110,15.3458,-24.1257,-0.0000,-0.0000,-0.0000,0.0000,0.5465,1.1216,-0.3972,1.0000
-4.0081,7.7141,3.3988,-0.6776,0.1499,-1.4169,8.2779,13.3423,-19.0399,-0.0000,-0.0000,-0.0000,0.0000,0.2490,1.1517,-0.0939,1.0000
-0.0844,5.9607,6.4809,-0.1588,-0.0493,0.2875,19.9097,21.0922,-23.0621,-0.0000,-0.0000,-0.0000,0.0000,0.6391,0.9032,-0.0039,1.0000
-0.4367,7.0281,4.2950,-0.9375,-0.1174,0.2843,27.4948,23.7595,-21.1624,-0.0000,-0.0000,-0.0000,0.0000,0.8904,1.0484,-0.0478,1.0000
0.0226,6.3442,4.1965,-0.0480,-0.1217,-0.0054,24.8764,24.5010,-24.3713,-0.0000,-0.0000,-0.0000,0.0000,0.8466,0.9464,-0.1109,1.0000
-1.1195,6.3382,5.7275,0.2386,-0.4743,0.3291,25.7462,23.0957,-23.4497,-0.0000,-0.0000,-0.0000,0.0000,0.5641,0.8734,0.1678,1.0000
-8.4158,7.1602,1.8597,1.6522,0.4663,-0.4187,1.6769,13.7405,-12.6419,-0.0000,-0.0000,-0.0000,0.0000,-0.9497,1.1132,0.5383,1.0000
-2.3161,7.1846,-3.8624,0.1469,-0.1270,-0.1119,9.7595,6.2439,-17.5888,-0.0000,-0.0000,-0.0000,0.0000,-2.7065,1.1721,2.6404,1.0000
-1.6091,7.1323,-3.9590,-0.1066,-0.2122,-0.0821,10.1364,6.0699,-17.1707,-0.0000,-0.0000,-0.0000,0.0000,-2.5291,1.1191,2.6200,1.0000
-3.9330,7.0122,-1.9511,0.0085,-0.4860,-0.1705,3.2059,2.5192,-14.9246,-0.0000,-0.0000,-0.0000,0.0000,-1.9284,1.1422,1.9259,1.0000
-4.2894,5.0202,0.9164,1.9366,0.2565,0.5879,1.0696,9.5413,-13.5208,-0.0000,-0.0000,-0.0000,0.0000,-0.7463,0.9542,0.6064,1.0000
-3.4873,7.4240,1.0660,-0.3367,-0.0354,0.1000,-7.3807,1.0818,-11.3800,-0.0000,-0.0000,-0.0000,0.0000,-1.6078,1.2140,1.2600,1.0000
-1.7831,6.6778,0.3087,-1.5958,-0.6778,-0.1844,-15.2084,2.5070,-13.1577,-0.0000,-0.0000,-0.0000,0.0000,-1.0386,1.2519,0.7394,1.0000
-2.8225,7.6251,2.9100,0.3504,0.2203,0.0308,-19.5602,-5.4459,-9.8083,-0.0000,-0.0000,-0.0000,0.0000,-1.5601,1.0970,0.7600,1.0000
-6.3863,4.0453,3.9877,-0.2376,0.6208,0.1522,-10.8475,-26.9775,-9.3887,-0.0000,-0.0000,-0.0000,0.0000,-2.1544,0.6235,1.0179,1.0000
-5.5727,5.6180,-1.3310,0.2013,0.5111,1.0684,-10.7224,-1.4801,-3.8544,-0.0000,-0.0000,-0.0000,0.0000,-2.2970,0.9414,1.4409,1.0000
-3.8109,7.9822,1.0022,0.1342,0.1851,0.0468,-7.4341,12.4664,-12.9990,-0.0000,-0.0000,-0.0000,0.0000,-2.2224,1.1666,1.7561,1.0000
1.5449,7.7432,-3.2902,0.3515,0.1745,0.1554,4.7058,12.9807,-19.5511,-0.0000,-0.0000,-0.0000,0.0000,-2.8759,1.2421,2.8602,1.0000
-2.3405,8.3525,0.5193,-0.0203,0.0072,-0.0076,4.3350,13.4552,-11.5723,-0.0000,-0.0000,-0.0000,0.0000,-1.3637,1.3252,1.4911,1.0000
-2.8018,8.1426,0.8956,0.0106,0.0296,0.0223,12.4603,19.1910,-12.9044,-0.0000,-0.0000,-0.0000,0.0000,-0.9240,1.2969,1.3712,1.0000
-1.1889,8.3701,0.3142,0.1139,0.0296,0.0500,15.9698,17.8360,-13.1912,-0.0000,-0.0000,-0.0000,0.0000,-1.4152,1.4502,2.1647,1.0000
-0.0349,7.4040,-2.1905,-0.8129,-0.4999,-0.6691,14.9582,15.5426,-10.3531,-0.0000,-0.0000,-0.0000,0.0000,-0.6300,1.3208,1.4399,1.0000
-3.4813,6.5329,4.5636,0.7989,0.4354,0.2396,2.1454,8.0078,-22.0642,-0.0000,-0.0000,-0.0000,0.0000,-0.1618,0.8938,0.6325,1.0000
-4.5288,8.0533,0.3653,0.6519,-0.0098,-0.0076,6.5964,6.4423,-16.2537,-0.0000,-0.0000,-0.0000,0.0000,-0.8800,1.1808,1.3579,1.0000
-4.9167,7.4503,2.3609,0.0021,0.0264,-0.1375,4.7028,6.3354,-18.8263,-0.0000,-0.0000,-0.0000,0.0000,-0.6342,1.0108,1.1319,1.0000
-4.7514,7.0744,2.7284,-0.0065,-0.0748,0.0244,6.4285,3.2852,-20.9885,-0.0000,-0.0000,-0.0000,0.0000,-0.6491,0.9548,1.0977,1.0000
-4.2327,6.5445,2.6382,-0.2536,-0.1334,-0.1109,6.6559,4.2786,-21.5836,-0.0000,-0.0000,-0.0000,0.0000,-0.7192,0.9266,1.0733,1.0000
-6.3185,6.3845,5.0280,0.5688,0.2501,0.2012,-5.5023,3.6514,-27.0462,-0.0000,-0.0000,-0.0000,0.0000,-0.7535,0.6454,0.7970,1.0000
-3.4191,7.1630,1.1590,0.1778,0.2874,0.1640,4.5303,6.1615,-18.3289,-0.0000,-0.0000,-0.0000,0.0000,-1.0408,1.0447,1.2290,1.0000
-4.4063,7.9188,5.0284,0.3536,-0.0482,0.0223,7.3959,4.9438,-17.5888,-0.0000,-0.0000,-0.0000,0.0000,-0.9637,1.0335,1.2346,1.0000
-3.9961,7.2456,1.9802,-0.2110,0.1851,0.0340,8.9615,5.2979,-16.4108,-0.0000,-0.0000,-0.0000,0.0000,-0.8049,1.0250,1.1837,1.0000
-6.2981,7.2728,5.5971,-0.2046,0.0125,-0.0725,0.5905,3.6346,-22.3450,-0.0000,-0.0000,-0.0000,0.0000,-0.6481,0.8258,0.8901,1.0000
-3.4450,6.9487,1.8737,0.1906,0.3236,0.2034,6.7566,4.3884,-17.9306,-0.0000,-0.0000,-0.0000,0.0000,-0.7673,1.0110,1.0553,1.0000
-3.8397,7.6023,0.5253,-0.1300,-0.0184,-0.1119,8.4793,5.3207,-15.1276,-0.0000,-0.0000,-0.0000,0.0000,-0.9092,1.0382,1.2818,1.0000
-5.5268,7.1650,2.9882,-0.1939,0.2895,0.4196,5.8121,1.9852,-22.1024,-0.0000,-0.0000,-0.0000,0.0000,-0.7159,0.8736,1.0039,1.0000
1.3482,6.3865,3.9910,-1.0174,1.4187,0.8063,24.3271,20.4880,-23.5886,-0.0000,-0.0000,-0.0000,0.0000,1.0609,0.8878,-0.0660,1.0000
-0.3102,7.0840,5.0057,0.4868,0.1681,0.2705,26.1841,18.5547,-19.0231,-0.0000,-0.0000,-0.0000,0.0000,0.9601,1.0780,0.1756,1.0000
0.2137,6.5170,5.5951,0.1331,-0.2208,-0.4081,23.0209,21.2250,-18.4082,-0.0000,-0.0000,-0.0000,0.0000,0.8710,1.0167,0.0188,1.0000
0.7041,8.1770,4.2814,-0.7244,-0.0354,0.1576,27.1484,19.1177,-18.5516,-0.0000,-0.0000,-0.0000,0.0000,0.9568,1.0324,0.0182,1.0000
0.7612,6.3155,5.4762,0.0820,0.0253,-0.2312,25.2350,21.4630,-18.6508,-0.0000,-0.0000,-0.0000,0.0000,0.8383,0.9637,0.0994,1.0000
-1.1586,6.3534,5.7407,0.1491,0.2107,0.3589,26.1124,20.5826,-17.8085,-0.0000,-0.0000,-0.0000,0.0000,0.6148,0.8830,0.1577,1.0000
0.4587,6.5202,4.9865,-0.7479,-0.0354,0.0745,23.1308,18.9499,-21.6751,-0.0000,-0.0000,-0.0000,0.0000,0.7602,0.9229,0.0094,1.0000
2.9970,7.1295,4.3580,1.4157,-1.6717,-1.4691,9.8984,17.7429,-17.3843,-0.0000,-0.0000,-0.0000,0.0000,0.3166,0.9086,-0.1737,1.0000
-1.9933,8.6865,2.4499,-1.2347,0.4248,-0.7799,10.1852,9.5505,-14.6774,-0.0000,-0.0000,-0.0000,0.0000,-0.8575,1.3031,0.9819,1.0000
-3.0759,8.0860,-1.2687,0.1640,0.0541,0.0052,8.4534,6.4117,-14.2212,-0.0000,-0.0000,-0.0000,0.0000,-1.7757,1.3084,1.8797,1.0000
-3.3668,7.9467,-1.2699,-0.0267,-0.2336,-0.3261,5.5847,2.6932,-14.5126,-0.0000,-0.0000,-0.0000,0.0000,-1.8074,1.2332,1.9548,1.0000
-4.4422,7.3406,-2.3190,0.1427,-0.0077,-0.0448,5.4260,3.6026,-15.1764,-0.0000,-0.0000,-0.0000,0.0000,-1.9955,1.0870,2.0956,1.0000
-3.3884,7.0545,-2.8924,0.0234,0.0583,0.0319,5.4306,2.9388,-16.0721,-0.0000,-0.0000,-0.0000,0.0000,-1.9294,1.0900,2.1155,1.0000
-3.8991,7.8849,-3.1609,-0.2983,0.1627,0.0574,5.5237,4.7150,-13.9206,-0.0000,-0.0000,-0.0000,0.0000,-1.8288,1.0775,2.1036,1.0000
-4.1505,7.7017,-2.6757,0.0894,-0.1292,-0.0267,5.0735,2.6855,-14.0427,-0.0000,-0.0000,-0.0000,0.0000,-1.7571,1.0612,2.1058,1.0000
-4.9825,8.1813,-2.4523,-0.9130,0.3193,0.1373,3.8742,1.4572,-15.6601,-0.0000,-0.0000,-0.0000,0.0000,-1.4615,1.0629,1.7715,1.0000
-4.6729,7.7476,-1.0784,-0.2760,-0.0833,-0.0331,1.1200,-0.3555,-16.7389,-0.0000,-0.0000,-0.0000,0.0000,-1.5159,1.0357,1.7175,1.0000
-4.1968,7.2979,-0.7987,0.1661,-0.1121,-0.0171,0.2823,-3.1265,-17.0105,-0.0000,-0.0000,-0.0000,0.0000,-1.5713,1.0437,1.6766,1.0000
-4.5216,7.3849,-0.6247,0.0170,-0.0482,0.0020,-0.4166,-1.6937,-15.2496,-0.0000,-0.0000,-0.0000,0.0000,-1.7118,1.0222,1.6820,1.0000
-3.5292,7.3470,-2.0385,0.4846,-0.0439,-0.0565,1.1444,-1.1795,-15.1855,-0.0000,-0.0000,-0.0000,0.0000,-1.8639,1.0980,1.9398,1.0000
-3.7914,6.8426,-4.2491,0.0212,0.1574,0.0457,0.3784,0.8270,-14.8575,-0.0000,-0.0000,-0.0000,0.0000,-2.1595,0.9962,2.2063,1.0000
3.4132,7.3055,1.3709,1.0460,0.0583,0.7829,17.4652,11.3876,-17.7246,-0.0000,-0.0000,-0.0000,0.0000,2.6095,1.3938,-2.0943,1.0000
3.8333,7.0744,-1.5337,0.7765,0.3768,0.3930,22.0734,7.1762,-18.3090,-0.0000,-0.0000,-0.0000,0.0000,2.9583,1.1716,-2.2747,1.0000
10.0507,-3.5211,-3.6118,-0.3473,-0.4551,-0.5082,2.8214,-19.9097,-9.8495,-0.0000,-0.0000,-0.0000,0.0000,-2.7242,-0.2835,-1.9245,1.0000
14.7697,-6.7940,-6.9777,-3.1852,-1.0368,-3.9256,3.0670,-19.3100,-2.0416,-0.0000,-0.0000,-0.0000,0.0000,-2.2502,-0.5597,-1.8789,1.0000
2.9268,6.0409,-2.6629,0.5912,0.6229,0.2694,42.5323,4.5975,-1.6708,-0.0000,-0.0000,-0.0000,0.0000,-2.8177,0.6512,-2.1711,1.0000
10.3440,-1.3093,-5.2543,0.9672,0.5452,0.7562,30.2933,-6.1371,9.9518,-0.0000,-0.0000,-0.0000,0.0000,-2.1465,0.2549,-2.0011,1.0000
8.9434,-1.5371,-2.9862,0.1182,-0.0770,-0.1695,29.7333,1.9470,18.0725,-0.0000,-0.0000,-0.0000,0.0000,-1.6538,-0.0628,-1.8268,1.0000
4.5428,4.6196,-5.4247,-1.7546,-0.5616,-1.0888,49.9222,15.5487,22.5235,-0.0000,-0.0000,-0.0000,0.0000,-1.6879,0.7056,-2.2101,1.0000
-3.3764,5.8538,0.3454,0.8117,1.2663,-0.2387,43.2465,19.5908,18.4036,-0.0000,-0.0000,-0.0000,0.0000,3.0337,1.4096,-1.0933,1.0000
-0.9163,7.2308,-4.4103,0.0042,-0.7641,-0.5242,47.4152,21.1319,24.2996,-0.0000,-0.0000,-0.0000,0.0000,-1.0099,1.4449,3.1180,1.0000
-5.4466,7.8206,1.9128,-0.4741,0.6794,1.6852,45.2484,12.3367,7.0633,-0.0000,-0.0000,-0.0000,0.0000,1.0410,1.1298,0.7618,1.0000
-3.1414,7.9319,-2.6214,-0.0693,-0.0173,-0.0139,45.0378,23.8770,10.6400,-0.0000,-0.0000,-0.0000,0.0000,-0.5486,1.2229,2.3482,1.0000
-4.0328,8.3809,1.3322,0.0266,-0.1132,0.0734,44.2551,17.6865,1.3931,-0.0000,-0.0000,-0.0000,0.0000,0.3316,1.1936,1.2645,1.0000
1.7197,4.7289,7.5627,-0.1577,1.1161,1.1472,35.0113,2.9602,-10.7697,-0.0000,-0.0000,-0.0000,0.0000,1.9680,0.7039,-0.1120,1.0000
5.5412,2.7832,-5.3436,4.2056,-1.9177,1.9408,33.6884,-2.0660,2.2598,-0.0000,-0.0000,-0.0000,0.0000,-2.0904,0.8358,-2.1044,1.0000
3.9906,7.1534,-0.0704,-0.3718,-0.2272,-0.3463,31.9107,-0.7141,-16.5558,-0.0000,-0.0000,-0.0000,0.0000,-2.9929,1.0617,-1.9266,1.0000
4.7164,5.4124,-4.5181,-0.2355,-0.3230,-0.0555,26.6602,-8.4503,-23.8129,-0.0000,-0.0000,-0.0000,0.0000,-2.9568,0.8764,-2.2834,1.0000
-1.3333,6.3502,5.9965,-1.0366,-0.3635,-1.2220,6.1127,24.0875,-32.1472,-0.0000,-0.0000,-0.0000,0.0000,0.5998,1.0822,-0.2336,1.0000
-5.0723,5.2301,6.1808,0.6966,0.2490,0.3578,-0.1862,11.4197,-29.8615,-0.0000,-0.0000,-0.0000,0.0000,-0.6207,0.7973,0.5304,1.0000
-1.2527,7.6654,-0.0134,1.0769,0.0807,-0.5562,7.1609,4.1641,-19.5816,-0.0000,-0.0000,-0.0000,0.0000,-1.6410,1.3043,1.6836,1.0000
-3.9757,7.1375,-2.3669,0.0820,-0.0311,0.0031,6.0364,1.5289,-18.8324,-0.0000,-0.0000,-0.0000,0.0000,-2.1009,1.1061,2.0577,1.0000
-4.0595,7.7368,-2.3525,-0.0853,0.0647,0.0223,4.8523,0.1892,-15.3748,-0.0000,-0.0000,-0.0000,0.0000,-2.0692,1.0791,2.1533,1.0000
-3.6613,7.4108,-1.9311,0.0649,0.1201,0.0638,5.8014,2.2202,-17.2211,-0.0000,-0.0000,-0.0000,0.0000,-1.9704,1.0636,2.2208,1.0000
-2.4023,7.4447,-3.5568,0.0404,0.0424,0.0106,10.6110,2.6672,-18.5516,-0.0000,-0.0000,-0.0000,0.0000,-2.0297,1.0462,2.4695,1.0000
-2.6162,8.0333,-2.8166,0.0734,0.0488,-0.0182,8.9874,4.5090,-16.1621,-0.0000,-0.0000,-0.0000,0.0000,-1.9649,1.0817,2.5065,1.0000
-1.8030,6.9579,-2.8070,-0.2888,-0.1260,-0.0747,9.7214,5.2322,-16.7526,-0.0000,-0.0000,-0.0000,0.0000,-1.8630,1.1059,2.4832,1.0000
-4.3572,7.8972,-0.7995,-0.0587,0.1127,0.0553,8.5022,2.7283,-18.6172,-0.0000,-0.0000,-0.0000,0.0000,-1.3227,1.1634,1.8649,1.0000
-3.6908,7.3067,-2.8138,-0.0374,0.0967,0.0244,6.8954,4.2236,-17.9092,-0.0000,-0.0000,-0.0000,0.0000,-1.5532,1.1080,2.0938,1.0000
-3.9534,7.8023,-1.6426,0.2055,-0.1132,0.0383,8.1070,4.6127,-19.1864,-0.0000,-0.0000,-0.0000,0.0000,-1.5581,1.1211,2.1133,1.0000
-3.0951,8.1813,-2.2033,-0.2515,0.1276,0.0979,10.3653,7.0526,-17.0135,-0.0000,-0.0000,-0.0000,0.0000,-1.5311,1.1379,2.1168,1.0000
-0.4583,7.8809,4.0771,-0.3623,0.4365,0.3738,14.3814,15.8142,-13.3072,-0.0000,-0.0000,-0.0000,0.0000,0.3736,1.3003,0.3971,1.0000
-7.0307,5.3937,0.2728,0.3813,-0.8898,-0.5817,7.4417,15.5746,-14.2288,-0.0000,-0.0000,-0.0000,0.0000,-0.8290,1.2108,1.3869,1.0000
-4.5531,8.1410,2.7875,0.5400,-0.3060,-0.2728,10.2737,7.8430,-16.2399,-0.0000,-0.0000,-0.0000,0.0000,-0.6431,1.0852,1.1667,1.0000
-4.4885,7.2384,2.2476,0.3941,-0.0216,0.0755,4.6875,5.7236,-20.5933,-0.0000,-0.0000,-0.0000,0.0000,-0.7612,1.0694,1.2100,1.0000
0.3674,7.7444,4.0628,0.5304,-0.3997,-0.3719,8.5831,7.6965,-16.9968,-0.0000,-0.0000,-0.0000,0.0000,-0.1334,1.1747,0.5468,1.0000
0.1032,7.8038,4.1701,-0.2387,-1.7547,-0.6510,9.3613,9.0576,-16.5817,-0.0000,-0.0000,-0.0000,0.0000,0.3692,1.1430,0.1668,1.0000
-1.9494,8.4894,0.6826,0.1320,0.1819,-1.0281,4.0802,12.1475,-13.1500,-0.0000,-0.0000,-0.0000,0.0000,-0.9227,1.3379,1.1571,1.0000
-2.6557,8.5919,0.6451,0.8394,-0.2016,0.0106,5.5237,8.7158,-14.1968,-0.0000,-0.0000,-0.0000,0.0000,-0.8977,1.2064,1.2490,1.0000
-3.6270,7.5070,0.7684,-0.1375,-0.1110,-0.0704,5.7373,7.4402,-14.9200,-0.0000,-0.0000,-0.0000,0.0000,-0.9124,1.1440,1.2533,1.0000
-3.6932,8.0952,1.1398,-0.0544,0.0306,0.0510,5.0247,9.2209,-14.1586,-0.0000,-0.0000,-0.0000,0.0000,-0.9440,1.1212,1.2448,1.0000
-3.2044,7.5576,2.4894,0.0511,-0.0652,-0.0033,2.4384,6.7764,-15.2542,-0.0000,-0.0000,-0.0000,0.0000,-0.6668,1.1124,1.0508,1.0000
-3.3241,7.4359,1.7005,-0.4933,0.0828,-0.0565,0.9399,6.7169,-15.0665,-0.0000,-0.0000,-0.0000,0.0000,-0.8647,1.1058,1.1250,1.0000
-3.0368,7.5349,2.2308,0.7360,-0.3071,-0.1279,5.8853,6.3675,-13.6734,-0.0000,-0.0000,-0.0000,0.0000,-0.5390,1.1047,0.9499,1.0000
-2.5185,8.1319,2.2847,0.7126,-0.5638,-0.5114,7.0831,10.6689,-12.3367,-0.0000,-0.0000,-0.0000,0.0000,-0.5557,1.1724,1.0380,1.0000
-3.1745,7.6175,0.5824,0.0564,-0.0535,-0.0214,0.4913,6.4880,-15.5975,-0.0000,-0.0000,-0.0000,0.0000,-1.1042,1.1258,1.4102,1.0000
-3.4135,8.0672,0.5130,-0.0320,-0.0993,-0.0150,1.5152,7.4677,-14.2899,-0.0000,-0.0000,-0.0000,0.0000,-1.1476,1.1265,1.4323,1.0000
-3.4881,7.4092,0.6949,0.2066,-0.1867,-0.0406,-0.5859,1.0193,-13.6337,-0.0000,-0.0000,-0.0000,0.0000,-1.0094,1.0994,1.2028,1.0000
-4.0747,7.9331,1.4016,-0.0331,0.0871,0.0287,-2.7313,0.8438,-11.9843,-0.0000,-0.0000,-0.0000,0.0000,-0.9620,1.0864,1.1186,1.0000
-3.4562,8.0999,2.7252,0.4005,-0.1228,-0.0693,-6.0074,0.7874,-13.6185,-0.0000,-0.0000,-0.0000,0.0000,-0.9656,1.0510,1.0132,1.0000
-3.5979,9.1270,0.6091,-2.3245,2.5532,0.1054,-17.7444,8.3618,-12.5061,-0.0000,-0.0000,-0.0000,0.0000,-0.3769,0.8782,0.1901,1.0000
-1.6969,8.5800,2.0365,-0.5796,-0.7310,-0.1279,-12.4817,2.1896,-13.2401,-0.0000,-0.0000,-0.0000,0.0000,-0.8133,1.2837,0.5843,1.0000
-0.2523,8.4854,1.2679,0.6764,-0.4455,-0.2345,-16.3498,2.1133,-12.4664,-0.0000,-0.0000,-0.0000,0.0000,-0.7040,1.0981,0.0998,1.0000
1.6694,6.7819,4.7511,1.7331,-0.0205,-0.2302,-13.4842,3.1952,1.8372,-0.0000,-0.0000,-0.0000,0.0000,-0.6462,1.0125,-0.2614,1.0000
0.2959,4.5992,-3.2615,0.0841,-2.9478,-0.6456,-13.9603,19.5587,-16.9373,-0.0000,-0.0000,-0.0000,0.0000,2.1509,1.1639,-2.6224,1.0000
-2.9965,7.6434,4.4806,0.7882,0.6698,0.3056,-12.9410,1.3718,1.6846,-0.0000,-0.0000,-0.0000,0.0000,-1.4974,1.1620,0.4844,1.0000
0.4803,7.7440,-2.6366,-1.1505,-0.0109,-0.4219,-6.2500,13.6093,-10.0037,-0.0000,-0.0000,-0.0000,0.0000,2.4573,1.4392,-3.0948,1.0000
0.7752,7.7372,-2.8924,0.2631,0.3779,0.2428,6.5567,13.5605,-17.2226,-0.0000,-0.0000,-0.0000,0.0000,2.4387,1.2229,-2.7405,1.0000
2.9296,6.9192,-4.1298,-0.0768,0.0477,-0.3207,12.8571,7.9269,-21.2692,-0.0000,-0.0000,-0.0000,0.0000,2.7428,0.9906,-2.6023,1.0000
-1.8505,6.9499,2.8162,-1.5234,-0.1302,-0.4177,3.2043,4.9896,-12.5931,-0.0000,-0.0000,-0.0000,0.0000,-0.4325,0.9984,0.4144,1.0000
-1.3345,6.4112,2.9810,1.1920,0.6389,-0.1354,1.1856,9.8343,-14.0030,-0.0000,-0.0000,-0.0000,0.0000,-0.3626,0.9918,0.4028,1.0000
-3.4885,7.4104,3.4151,0.1778,-0.0684,0.0883,-0.0458,2.2842,-12.8113,-0.0000,-0.0000,-0.0000,0.0000,-0.9079,0.9786,0.7051,1.0000
-3.6765,6.4555,4.3229,-0.0981,-0.0418,-0.0086,-3.4409,1.8127,-14.1312,-0.0000,-0.0000,-0.0000,0.0000,-0.9353,0.8598,0.6562,1.0000
-3.5923,7.6542,2.3294,-0.0299,0.0328,0.0095,1.8051,4.7440,-9.3231,-0.0000,-0.0000,-0.0000,0.0000,-1.0399,0.9878,0.8621,1.0000
-3.9885,7.9052,2.1342,-0.4294,0.0967,0.0532,1.6312,5.1682,-10.2203,-0.0000,-0.0000,-0.0000,0.0000,-1.1265,1.0244,0.9799,1.0000
-4.2311,6.2648,4.8636,0.0511,-0.0983,-0.2611,-9.7092,-1.3672,-15.1688,-0.0000,-0.0000,-0.0000,0.0000,-1.0209,0.7726,0.6465,1.0000
-4.0404,6.3949,3.5712,0.2694,0.0157,-0.0193,-7.7576,-0.7355,-11.6089,-0.0000,-0.0000,-0.0000,0.0000,-1.2738,0.8584,0.7780,1.0000
-4.1653,7.4607,1.9742,-0.2579,0.2735,0.1160,-3.4134,2.0309,-8.6914,-0.0000,-0.0000,-0.0000,0.0000,-1.5930,0.9950,1.1648,1.0000
-3.7854,8.1311,2.0668,-0.1460,0.2703,-0.0225,-2.0309,11.8195,-10.2448,-0.0000,-0.0000,-0.0000,0.0000,-1.3263,1.0177,1.0420,1.0000
-4.6561,7.8637,0.0589,0.0990,-0.2197,-0.1791,0.7095,6.8298,-11.5051,-0.0000,-0.0000,-0.0000,0.0000,-1.5523,1.0124,1.3100,1.0000
-4.6381,7.3972,2.7392,-0.0224,-0.2133,-0.1301,0.9659,2.6627,-10.2020,-0.0000,-0.0000,-0.0000,0.0000,-1.4146,0.9623,1.1167,1.0000
-4.8520,6.5301,4.6370,-0.8821,-0.0003,0.0404,-7.1274,-1.9791,-13.1927,-0.0000,-0.0000,-0.0000,0.0000,-1.2483,0.8095,0.8039,1.0000
-4.3317,6.8091,3.6653,0.0415,-0.0599,-0.0118,-4.6371,0.7050,-11.4227,-0.0000,-0.0000,-0.0000,0.0000,-1.3509,0.8722,0.9268,1.0000
-4.1952,6.9212,3.5404,0.2524,-0.0109,0.1363,-7.3822,7.4310,-11.3235,-0.0000,-0.0000,-0.0000,0.0000,-1.3335,0.9160,0.9467,1.0000
-3.4283,6.9535,3.5145,0.0958,0.0157,0.1032,-2.3804,0.9155,-9.4833,-0.0000,-0.0000,-0.0000,0.0000,-1.3043,0.9506,0.9621,1.0000
-2.2627,8.3414,3.2635,-0.1918,0.1105,-0.0715,-2.0126,3.4225,-11.6882,-0.0000,-0.0000,-0.0000,0.0000,-1.2989,1.0005,0.9455,1.0000
-4.7044,7.6450,1.1698,0.7009,0.6251,0.1895,0.3754,5.5206,-10.2875,-0.0000,-0.0000,-0.0000,0.0000,-1.3167,1.0123,1.0636,1.0000
-4.6178,7.3142,2.1299,-0.7649,-0.0865,-0.0928,1.6800,7.0389,-9.8175,-0.0000,-0.0000,-0.0000,0.0000,-1.4747,1.0593,1.2573,1.0000
-4.3480,7.0860,3.3629,0.1821,-0.1750,-0.0470,-1.4450,1.4053,-12.2223,-0.0000,-0.0000,-0.0000,0.0000,-1.1911,0.9299,0.8491,1.0000
-4.1848,6.9647,2.8832,-0.1332,-0.0173,-0.0938,-2.9922,-0.8713,-16.8716,-0.0000,-0.0000,-0.0000,0.0000,-1.1162,0.8816,0.7829,1.0000
-4.9031,6.6886,3.6829,0.3302,-0.0759,-0.1791,-4.4022,-1.1627,-11.5784,-0.0000,-0.0000,-0.0000,0.0000,-1.1962,0.9006,0.8601,1.0000
-4.0356,7.3569,4.6825,-0.3378,0.0647,-0.0438,-4.4861,-0.9979,-12.1826,-0.0000,-0.0000,-0.0000,0.0000,-1.1774,0.8450,0.7919,1.0000
-3.9989,6.7548,3.8700,0.1097,-0.0716,-0.0704,-2.9266,0.2731,-9.9136,-0.0000,-0.0000,-0.0000,0.0000,-1.1989,0.8888,0.8761,1.0000
-1.1893,7.6259,4.5652,0.0404,0.0210,-0.0640,-1.5747,2.9312,-10.0601,-0.0000,-0.0000,-0.0000,0.0000,-1.1270,0.9370,0.8373,1.0000
-3.8804,6.2253,4.0879,0.3568,0.0594,0.0255,-1.6296,3.8681,-10.4156,-0.0000,-0.0000,-0.0000,0.0000,-1.1609,0.9397,0.8767,1.0000
-5.4414,7.2113,2.0907,-0.1780,0.0189,0.0745,0.9689,3.1189,-9.0408,-0.0000,-0.0000,-0.0000,0.0000,-1.1701,0.9748,0.9189,1.0000
-4.8795,6.8434,2.7504,-0.2461,-0.0067,-0.0416,-0.5707,6.9870,-8.5434,-0.0000,-0.0000,-0.0000,0.0000,-1.2079,0.9410,0.9584,1.0000
-5.0635,6.9767,3.8194,0.1746,-0.2165,-0.0779,-0.9460,10.2798,-10.1761,-0.0000,-0.0000,-0.0000,0.0000,-1.2144,0.9203,0.9717,1.0000
-5.5779,6.6802,3.7575,0.4878,-0.1313,0.0116,-6.2805,10.5469,-11.8988,-0.0000,-0.0000,-0.0000,0.0000,-1.1303,0.8709,0.8862,1.0000
-4.5455,7.0201,3.5281,-0.1588,0.0072,0.0031,-4.8630,2.4063,-10.6049,-0.0000,-0.0000,-0.0000,0.0000,-1.1392,0.8826,0.9200,1.0000
-4.6956,6.3817,4.5524,0.1331,-0.0162,0.0436,-5.2170,0.2045,-11.6898,-0.0000,-0.0000,-0.0000,0.0000,-1.0764,0.8083,0.7990,1.0000
-4.2790,6.0884,5.1429,-0.4666,-0.1632,-0.0555,-11.5753,-0.6058,-16.9754,-0.0000,-0.0000,-0.0000,0.0000,-1.1732,0.7341,0.6972,1.0000
-4.4641,6.5736,4.1422,0.1395,0.0786,-0.0768,-5.7999,-1.1536,-10.8383,-0.0000,-0.0000,-0.0000,0.0000,-1.3942,0.8157,0.8990,1.0000
-5.0009,6.7221,3.6681,-0.0033,-0.0375,-0.0267,-7.3914,-0.9720,-11.2167,-0.0000,-0.0000,-0.0000,0.0000,-1.4321,0.7960,0.8783,1.0000
-4.8991,6.6602,4.0967,0.0457,-0.0141,0.0244,-8.2367,-0.1602,-9.2102,-0.0000,-0.0000,-0.0000,0.0000,-1.4744,0.8101,0.8995,1.0000
-4.3752,6.1163,4.0041,0.3110,0.1745,0.1501,-9.3674,8.0093,-12.0224,-0.0000,-0.0000,-0.0000,0.0000,-1.3787,0.8124,0.8883,1.0000
-4.8105,6.9036,2.1279,0.0436,-0.0152,0.0212,-3.6789,1.4633,-9.3292,-0.0000,-0.0000,-0.0000,0.0000,-1.4898,0.9093,1.0728,1.0000
-4.7307,6.9771,3.2563,0.0766,0.0583,-0.0086,-3.0533,3.8055,-10.1166,-0.0000,-0.0000,-0.0000,0.0000,-1.5070,0.9279,1.0997,1.0000
-4.6677,7.2604,3.0680,-0.0065,0.0008,-0.0598,-4.1336,2.2888,-11.4716,-0.0000,-0.0000,-0.0000,0.0000,-1.4430,0.9287,1.0624,1.0000
-4.6669,7.0772,2.6953,0.1182,-0.0525,0.0233,-4.1229,2.9358,-10.2448,-0.0000,-0.0000,-0.0000,0.0000,-1.4394,0.9197,1.0674,1.0000
-4.8624,7.0405,2.8481,0.0340,-0.0173,0.0201,-1.9958,3.7460,-9.2133,-0.0000,-0.0000,-0.0000,0.0000,-1.4017,0.9099,1.0407,1.0000
-4.1557,7.1937,2.8306,0.1565,0.0210,-0.0448,-2.5146,9.3674,-12.7823,-0.0000,-0.0000,-0.0000,0.0000,-1.3495,0.9504,1.0564,1.0000
-4.7726,7.5513,2.4487,0.0170,0.0434,-0.0480,-2.4246,4.7455,-10.2753,-0.0000,-0.0000,-0.0000,0.0000,-1.4027,0.9571,1.1003,1.0000
-4.5627,6.9683,2.4187,-0.5359,-0.2868,-0.0800,-1.5060,-1.0574,-11.0458,-0.0000,-0.0000,-0.0000,0.0000,-1.4304,0.9487,1.1278,1.0000
-1.0923,8.5816,2.6510,-1.8398,2.2528,0.8106,-0.2731,12.2665,-14.0717,-0.0000,-0.0000,-0.0000,0.0000,-1.1766,1.0172,0.8987,1.0000
0.3985,6.4459,7.4669,0.5560,-0.2303,0.2279,19.0704,20.3690,-27.6642,-0.0000,-0.0000,-0.0000,0.0000,0.7293,1.0071,0.1862,1.0000
2.0309,8.5532,1.0944,0.4772,-0.5702,-0.6563,2.0279,10.3683,-7.9239,-0.0000,-0.0000,-0.0000,0.0000,-0.0702,1.3094,-0.4056,1.0000
-4.0021,5.3606,4.3788,0.7105,0.3161,0.0020,-1.4069,6.9229,-11.9507,-0.0000,-0.0000,-0.0000,0.0000,-1.2260,0.9219,0.8206,1.0000
-2.2790,7.5940,2.0652,-1.6001,-0.1973,1.0854,-0.3357,6.4850,-9.1110,-0.0000,-0.0000,-0.0000,0.0000,-0.9857,1.0150,0.4129,1.0000
0.0290,5.5525,7.4657,-0.0842,0.2959,0.3056,10.9268,7.9758,-9.9701,-0.0000,-0.0000,-0.0000,0.0000,-0.2746,0.7541,0.0721,1.0000
1.8442,7.5098,2.9088,1.5233,0.0125,0.5751,21.0556,12.9501,-14.4501,-0.0000,-0.0000,-0.0000,0.0000,0.8699,1.3257,-0.5239,1.0000
2.9870,7.9683,-5.3161,0.7435,-0.0098,-0.3452,22.2717,5.9006,-24.4385,-0.0000,-0.0000,-0.0000,0.0000,-2.9149,1.1150,-2.6090,1.0000
4.2025,4.3359,-6.2251,1.3784,0.1989,0.1672,25.6500,-7.5027,-18.2678,-0.0000,-0.0000,-0.0000,0.0000,-2.5476,0.6327,-2.6315,1.0000
2.4711,5.3047,-5.6948,-2.9029,0.3342,0.1821,40.8463,1.8570,-14.1327,-0.0000,-0.0000,-0.0000,0.0000,-2.5273,0.9733,-2.5991,1.0000
0.6147,1.8674,9.1963,0.4282,-0.3955,-0.3942,32.4295,7.5653,-22.1603,-0.0000,-0.0000,-0.0000,0.0000,1.3480,0.4529,-0.1440,1.0000
-3.3425,7.5233,1.6426,-0.0789,-0.0929,0.0265,24.2966,14.9460,-18.0481,-0.0000,-0.0000,-0.0000,0.0000,0.0489,1.1371,0.7789,1.0000
-2.2994,7.7220,2.3768,0.4420,-0.0429,-0.0342,25.6393,14.3005,-16.1438,-0.0000,-0.0000,-0.0000,0.0000,0.3343,1.1324,0.6031,1.0000
-5.4151,5.6235,7.5771,1.7874,0.6389,1.5605,30.6488,16.9006,-10.9787,-0.0000,-0.0000,-0.0000,0.0000,0.8989,1.0104,0.3295,1.0000
2.4048,6.9455,4.1953,-0.2419,0.5388,0.2471,30.9265,3.1769,-11.7172,-0.0000,-0.0000,-0.0000,0.0000,1.7853,1.1063,-0.4378,1.0000
1.3637,8.0936,1.2679,0.7893,-0.6032,-0.6254,31.3263,8.5480,-11.1023,-0.0000,-0.0000,-0.0000,0.0000,1.4304,1.3400,-0.4084,1.0000
-1.1254,8.3717,0.6199,0.0660,-0.0993,-0.1226,25.8087,11.7813,-15.5899,-0.0000,-0.0000,-0.0000,0.0000,0.3876,1.3630,0.3829,1.0000
-0.4666,8.4898,1.5042,0.1917,-0.0652,-0.1098,29.1946,10.1044,-13.5956,-0.0000,-0.0000,-0.0000,0.0000,0.9492,1.3557,-0.0181,1.0000
-0.0975,8.5648,0.3976,0.2290,-0.2367,-0.1918,25.2869,8.9661,-15.3107,-0.0000,-0.0000,-0.0000,0.0000,0.7629,1.4518,0.1375,1.0000
-3.5619,4.3430,7.6944,0.4442,0.4163,-0.9652,16.5802,19.0979,-12.3230,-0.0000,-0.0000,-0.0000,0.0000,0.4080,0.6063,0.3502,1.0000
0.7021,4.9452,5.5823,-0.9652,3.3457,2.5320,31.7520,11.4975,-7.1243,-0.0000,-0.0000,-0.0000,0.0000,1.0019,1.0260,0.2345,1.0000