613958cf-ac5c-4ece-8f21-f7bff51da6e9,DS,1659765628700
Accelerometer x,Accelerometer y,Accelerometer z,Gyroscope x,Gyroscope y,Gyroscope z,Magnetometer x,Magnetometer y,Magnetometer z,GPS-Longitude,GPS-Latitude,GPS-Speed,Proximity_ON/OFF,Orientation yaw,Orientation pitch,Orientation roll,Screen
-0.0113,6.3985,6.0599,-0.0361,0.0152,-0.0087,14.2044,35.9512,-23.2224,-0.0000,-0.0000,-0.0000,0.0000,0.3958,0.8086,-0.0105,1.0000
-0.3194,6.8976,5.4530,-0.0574,0.0301,-0.0023,13.1943,36.8744,-21.3135,-0.0000,-0.0000,-0.0000,0.0000,0.3738,0.8385,0.0080,1.0000
-0.1845,6.6032,5.8895,-0.0701,-0.0604,-0.0864,15.2939,36.1572,-20.1263,-0.0000,-0.0000,-0.0000,0.0000,0.3941,0.8016,0.0162,1.0000
-0.7918,7.0281,5.2419,-0.0542,0.0109,-0.0129,13.8031,37.5854,-20.3537,-0.0000,-0.0000,-0.0000,0.0000,0.3552,0.7987,0.0654,1.0000
0.2488,6.7057,5.2395,0.0428,-0.0051,0.2001,17.1646,37.5336,-21.1014,-0.0000,-0.0000,-0.0000,0.0000,0.4235,0.8829,0.0248,1.0000
-0.1961,6.8546,5.0923,-0.0510,0.0077,-0.1131,18.7561,37.0071,-22.0627,-0.0000,-0.0000,-0.0000,0.0000,0.4468,0.9077,0.0073,1.0000
0.0705,6.3526,6.4135,-0.0456,-0.1009,-0.1099,15.8981,37.2421,-22.2885,-0.0000,-0.0000,-0.0000,0.0000,0.3874,0.8389,0.0299,1.0000
0.6523,6.3693,6.2555,0.0896,0.1015,-0.0332,17.5842,37.9288,-22.9965,-0.0000,-0.0000,-0.0000,0.0000,0.4175,0.8337,-0.0120,1.0000
-0.7152,7.0692,6.4861,0.2420,-0.4599,-0.2121,16.5817,37.0819,-24.9863,-0.0000,-0.0000,-0.0000,0.0000,0.3772,0.8574,0.1622,1.0000
0.7939,3.7948,7.4402,-0.0648,-1.6796,-0.5466,1.3168,44.3863,-18.6096,-0.0000,-0.0000,-0.0000,0.0000,0.2006,0.5137,0.0140,1.0000
-0.2121,5.6774,6.4877,0.3698,-0.2245,-0.0555,-8.6899,29.5044,-24.8398,-0.0000,-0.0000,-0.0000,0.0000,0.0139,0.8386,-0.0841,1.0000
-5.5348,6.3570,1.6263,-0.9586,0.0408,0.2811,-25.8820,-22.8714,7.0007,-0.0000,-0.0000,-0.0000,0.0000,-2.4070,0.9741,1.2702,1.0000
-6.2762,6.0760,0.1614,-0.4728,0.1175,-0.0204,-26.6327,-21.2219,4.3457,-0.0000,-0.0000,-0.0000,0.0000,-2.4056,0.9378,1.3025,1.0000
-6.1840,4.8877,-1.1981,-3.2819,1.2903,2.5458,-27.8122,-10.5804,-7.6584,-0.0000,-0.0000,-0.0000,0.0000,-1.8140,1.1012,0.9634,1.0000
0.3115,6.5413,5.0955,-0.1138,0.2218,0.1948,-10.3622,24.5209,-21.6690,-0.0000,-0.0000,-0.0000,0.0000,-0.1306,0.9858,0.0198,1.0000
-1.0141,6.5716,5.5807,-0.0137,0.4083,0.0936,-5.3574,26.1505,-22.5174,-0.0000,-0.0000,-0.0000,0.0000,-0.0999,0.8812,0.1002,1.0000
0.2684,6.8302,6.0472,-0.2917,-0.2309,0.4483,-2.0538,26.7807,-23.7045,-0.0000,-0.0000,-0.0000,0.0000,-0.0070,0.8807,0.0709,1.0000
0.0154,7.3218,5.5759,-0.0126,0.0514,0.3099,-3.4134,28.6331,-23.1979,-0.0000,-0.0000,-0.0000,0.0000,-0.0286,0.8863,0.0994,1.0000
-2.5113,7.5948,2.7216,-0.2693,0.5340,0.0872,-17.2668,6.4468,-18.6935,-0.0000,-0.0000,-0.0000,0.0000,-0.6742,1.1203,0.3089,1.0000
0.2931,6.8047,6.1493,-0.0776,0.0418,0.4888,-8.6487,22.0901,-20.8969,-0.0000,-0.0000,-0.0000,0.0000,-0.1922,0.8877,0.1684,1.0000
-0.5867,6.7540,5.0867,0.4540,-0.2756,0.1085,-3.9688,24.5544,-24.4141,-0.0000,-0.0000,-0.0000,0.0000,-0.1143,0.8557,0.2121,1.0000
-1.3505,6.5210,6.2834,0.1184,0.0844,0.0936,-7.0557,24.2172,-24.9741,-0.0000,-0.0000,-0.0000,0.0000,-0.1659,0.8036,0.1917,1.0000
-0.1286,6.7644,5.6286,0.0161,-0.0445,0.0254,-3.3463,25.2960,-22.9523,-0.0000,-0.0000,-0.0000,0.0000,-0.0676,0.8985,0.1187,1.0000
-0.7416,6.9942,5.0340,-0.6635,0.4530,0.0915,-6.0959,26.9867,-22.5037,-0.0000,-0.0000,-0.0000,0.0000,-0.1207,0.9150,0.1091,1.0000
-2.9490,3.8271,7.3316,-1.7352,1.4991,0.0180,-1.1688,34.7763,-23.9243,-0.0000,-0.0000,-0.0000,0.0000,-0.1647,0.6760,0.2185,1.0000
-5.5280,1.2509,9.2438,0.5967,-1.0277,-0.7192,5.0232,41.9983,-19.3344,-0.0000,-0.0000,-0.0000,0.0000,-0.1056,0.2720,0.6165,1.0000
-1.0943,6.5002,6.0372,-0.1277,0.0610,0.0563,-0.1175,30.0797,-24.2676,-0.0000,-0.0000,-0.0000,0.0000,-0.0607,0.8639,0.1696,1.0000
-1.1725,6.5652,5.6952,0.1653,0.2922,0.1341,0.9613,31.2469,-23.4116,-0.0000,-0.0000,-0.0000,0.0000,-0.0025,0.8105,0.1555,1.0000
0.2760,7.2955,9.0459,-0.6422,-0.5015,0.0915,2.2949,33.0719,-23.5275,-0.0000,-0.0000,-0.0000,0.0000,-0.0071,0.8543,0.2366,1.0000
-2.4830,7.1490,3.2244,0.4710,0.0748,-0.1748,-0.9506,25.4807,-24.4965,-0.0000,-0.0000,-0.0000,0.0000,-0.0906,0.9011,0.2496,1.0000
-1.5883,6.9914,5.4355,-0.1713,-0.0061,-0.0992,0.9155,30.5267,-25.1556,-0.0000,-0.0000,-0.0000,0.0000,-0.0865,0.8610,0.2796,1.0000
-2.8229,7.2017,3.2364,0.0982,0.0397,0.0116,9.0500,27.2720,-27.7267,-0.0000,-0.0000,-0.0000,0.0000,-0.0968,1.0252,0.4907,1.0000
-0.0876,6.3218,5.7902,-0.0499,-0.2831,-0.0161,2.0477,33.1726,-22.6273,-0.0000,-0.0000,-0.0000,0.0000,-0.0677,0.8186,0.2689,1.0000
-0.3772,6.5106,5.7471,-0.0084,-0.4013,0.3290,-0.9079,31.6238,-25.0015,-0.0000,-0.0000,-0.0000,0.0000,-0.1810,0.8388,0.3369,1.0000
-0.0620,6.7444,7.1872,-0.1127,0.2581,-0.0885,-3.0655,36.6898,-26.0468,-0.0000,-0.0000,-0.0000,0.0000,-0.0644,0.8067,0.1097,1.0000
-1.9462,7.5225,5.5364,-0.7817,-0.1947,0.5676,-19.6426,13.8977,-20.9015,-0.0000,-0.0000,-0.0000,0.0000,-0.4068,0.9171,0.0094,1.0000
-1.0089,7.4224,4.8193,0.1759,-0.0370,-0.0044,-13.7085,20.6345,-20.5627,-0.0000,-0.0000,-0.0000,0.0000,-0.3914,0.9687,0.1721,1.0000
-1.7647,6.8346,5.1074,0.1120,0.0663,-0.2931,-12.6770,22.5708,-21.3943,-0.0000,-0.0000,-0.0000,0.0000,-0.4325,0.9460,0.2270,1.0000
-3.8225,8.0748,-0.7240,-0.4419,0.4594,-0.0353,-30.0095,-20.1645,11.4471,-0.0000,-0.0000,-0.0000,0.0000,-2.4930,0.9786,1.0804,1.0000
-7.1257,6.3721,2.1502,0.4124,0.1824,-0.1610,-29.2847,-26.1658,12.3245,-0.0000,-0.0000,-0.0000,0.0000,-2.6107,0.9394,1.1882,1.0000
-6.1872,7.1327,0.3877,-0.1074,-0.1648,0.1586,-33.3923,-22.0642,10.5774,-0.0000,-0.0000,-0.0000,0.0000,-2.6828,0.9423,1.2516,1.0000
-1.4503,7.4874,3.9035,-1.0651,1.3084,2.2944,-27.3041,11.8713,-15.8447,-0.0000,-0.0000,-0.0000,0.0000,-1.0272,1.0641,0.3538,1.0000
-0.9351,7.1219,5.8273,-0.5303,0.2836,0.4313,-14.4928,23.7457,-21.8170,-0.0000,-0.0000,-0.0000,0.0000,-0.5614,0.9727,0.3166,1.0000
-1.1198,6.8821,5.4578,-0.1096,0.1047,-0.2121,-8.6700,25.3021,-24.8703,-0.0000,-0.0000,-0.0000,0.0000,-0.4008,0.9488,0.2764,1.0000
-2.2499,7.6893,3.9155,-0.1511,-0.2618,-0.0513,-2.1149,22.6654,-27.7145,-0.0000,-0.0000,-0.0000,0.0000,-0.5066,1.0604,0.5991,1.0000
-0.8361,6.9910,4.9662,-0.1021,0.2123,0.0063,-15.5594,21.1166,-20.9915,-0.0000,-0.0000,-0.0000,0.0000,-0.4754,0.9490,0.1953,1.0000
-5.6672,6.5976,3.0891,-0.3258,-0.2809,-1.0888,-28.4256,-13.6230,-5.6610,-0.0000,-0.0000,-0.0000,0.0000,-1.9501,1.0070,0.9330,1.0000
-5.9470,6.3745,2.2133,-0.2619,0.2634,0.1277,-29.4205,-22.5204,0.0931,-0.0000,-0.0000,-0.0000,0.0000,-2.2720,0.8781,1.0620,1.0000
-3.0883,6.7400,4.6086,-0.0542,-0.1915,0.2001,-22.2015,2.3499,-16.5375,-0.0000,-0.0000,-0.0000,0.0000,-1.1108,0.9558,0.5450,1.0000
-4.1381,7.0138,4.4650,0.3091,0.0471,-0.3059,-21.1136,-0.2151,-21.5118,-0.0000,-0.0000,-0.0000,0.0000,-1.2027,0.8564,0.6520,1.0000
-3.9841,5.8941,6.3046,0.0492,-0.7870,-0.2771,-24.9573,-2.5391,-15.0665,-0.0000,-0.0000,-0.0000,0.0000,-1.3048,0.7634,0.5764,1.0000
-4.5304,4.4356,5.5424,0.0854,0.0780,0.0979,-23.0576,-26.4160,-2.4597,-0.0000,-0.0000,-0.0000,0.0000,-2.0316,0.4508,0.6098,1.0000
-4.6904,5.2867,4.9143,0.2718,-0.2245,0.0563,-24.6078,-29.6173,4.4891,-0.0000,-0.0000,-0.0000,0.0000,-2.2468,0.5823,0.6725,1.0000
-5.5000,4.9695,6.7786,0.1568,0.1856,0.1266,-27.6474,-33.9493,6.8970,-0.0000,-0.0000,-0.0000,0.0000,-2.3912,0.6021,0.6901,1.0000
-4.5408,5.5768,5.4865,0.7938,-0.0274,-0.2473,-27.4750,-29.8950,7.8918,-0.0000,-0.0000,-0.0000,0.0000,-2.3560,0.6900,0.7901,1.0000
-5.5874,4.4156,2.3653,-1.8545,-0.1680,0.4313,-25.1999,-24.3866,9.5078,-0.0000,-0.0000,-0.0000,0.0000,-2.4549,0.8383,0.9738,1.0000
-5.5356,4.2812,5.3425,-0.4025,0.2922,0.4419,-26.2451,-28.9261,9.0546,-0.0000,-0.0000,-0.0000,0.0000,-2.4189,0.6464,0.8424,1.0000
-6.0004,5.5118,4.8676,0.7650,-0.2160,-0.1258,-25.8926,-29.4830,6.4026,-0.0000,-0.0000,-0.0000,0.0000,-2.2505,0.5873,0.8058,1.0000
-3.5923,3.4883,6.4466,-1.3165,0.8908,1.4476,-31.7322,-0.1770,-14.8438,-0.0000,-0.0000,-0.0000,0.0000,-1.6135,0.5621,0.5216,1.0000
2.1283,2.5777,9.2047,-0.2044,-0.2522,0.5730,-23.4711,41.2216,-9.1461,-0.0000,-0.0000,-0.0000,0.0000,-0.4595,0.3445,0.0626,1.0000
-0.1239,1.5845,9.9465,-0.1213,0.3710,0.2182,-16.6351,46.9284,-12.0224,-0.0000,-0.0000,-0.0000,0.0000,-0.3215,0.3228,0.0436,1.0000
-3.5404,4.5082,4.1358,3.3941,-2.7705,-4.2197,-30.0323,-11.0489,16.7053,-0.0000,-0.0000,-0.0000,0.0000,-1.1015,0.6787,0.1692,0.0000
-6.9521,5.8602,3.0788,0.2175,-0.3619,-0.2004,-24.3393,-21.8872,12.6160,-0.0000,-0.0000,-0.0000,0.0000,-2.3593,0.7391,0.9090,0.0000
-5.5970,5.1563,4.2822,-1.2622,-0.1861,-0.3868,-23.8510,-28.7384,7.3441,-0.0000,-0.0000,-0.0000,0.0000,-2.3343,0.6287,0.8629,0.0000
-5.1816,-0.3504,10.1540,1.1443,0.1388,-0.3943,-20.7993,-18.4692,-26.1536,-0.0000,-0.0000,-0.0000,0.0000,-1.7821,0.0544,0.5334,0.0000
-5.5826,2.6064,6.9933,-0.0371,0.0280,0.0425,-18.2510,-26.7227,-12.3276,-0.0000,-0.0000,-0.0000,0.0000,-1.9483,0.2530,0.6391,0.0000
-5.6461,2.9700,6.6122,-0.0382,-0.0711,-0.1418,-20.2652,-28.2089,-14.1953,-0.0000,-0.0000,-0.0000,0.0000,-1.9809,0.2728,0.6617,0.0000
-5.6908,3.8367,6.8899,-0.4611,-0.1499,0.0829,-21.5149,-28.6072,0.1694,-0.0000,-0.0000,-0.0000,0.0000,-2.1923,0.4838,0.7625,0.0000
-6.3923,4.2856,5.6581,-0.0456,0.1537,0.0574,-23.3582,-31.6238,-0.4013,-0.0000,-0.0000,-0.0000,0.0000,-2.2423,0.4795,0.7742,0.0000
-5.9047,4.5086,5.7654,0.0247,0.0376,-0.0491,-20.4926,-27.9633,-1.2177,-0.0000,-0.0000,-0.0000,0.0000,-2.1542,0.4950,0.8400,0.0000
-3.7619,4.1096,5.8337,-0.5101,0.2591,1.1312,-17.0105,-19.8761,1.8570,-0.0000,-0.0000,-0.0000,0.0000,-2.1338,0.4994,1.0276,0.0000
-6.1489,4.2680,4.3417,0.0833,-0.1734,0.1959,-19.6686,-21.1426,3.8849,-0.0000,-0.0000,-0.0000,0.0000,-2.2149,0.5206,0.9870,0.0000
-7.6660,6.4392,1.0102,0.0130,0.0951,-0.1237,-24.6445,-6.0944,9.5993,-0.0000,-0.0000,-0.0000,0.0000,-2.3988,0.7230,1.2381,0.0000
-7.0224,5.8837,3.6402,0.1759,-0.4248,-0.2537,-26.7975,-20.3369,0.6027,-0.0000,-0.0000,-0.0000,0.0000,-2.2006,0.6445,1.0623,0.0000
-5.9769,6.7600,1.7348,-0.0733,-0.1233,-0.1844,-26.5732,-25.0305,11.6516,-0.0000,-0.0000,-0.0000,0.0000,-2.4165,0.6427,1.0068,0.0000
-6.0495,6.7312,2.8389,-0.0084,0.1505,-0.0087,-27.3346,-19.4229,3.2288,-0.0000,-0.0000,-0.0000,0.0000,-2.3787,0.7865,1.1787,0.0000
-5.3428,6.8470,1.3094,0.0225,0.0567,-0.0609,-27.0065,-13.2645,2.6810,-0.0000,-0.0000,-0.0000,0.0000,-2.3956,0.8526,1.3056,0.0000
-5.6034,6.8111,2.1446,0.4060,-0.0860,-0.0641,-25.9598,-17.5919,0.0366,-0.0000,-0.0000,-0.0000,0.0000,-2.2276,0.7406,1.1750,0.0000
-7.0459,6.0788,1.6422,-0.4568,-0.0668,0.0659,-30.5130,-24.0005,3.5950,-0.0000,-0.0000,-0.0000,0.0000,-2.4900,0.7877,1.2477,0.0000
-5.3269,7.5600,1.8022,-0.1532,0.0940,-0.1301,-28.3661,-23.5153,9.8129,-0.0000,-0.0000,-0.0000,0.0000,-2.5419,0.8196,1.2251,0.0000
-4.9218,7.1434,1.6335,-0.1799,-0.0008,-0.0310,-30.5603,-20.0928,4.7501,-0.0000,-0.0000,-0.0000,0.0000,-2.4329,0.8570,1.2292,0.0000
-3.4099,7.3530,1.6877,0.2249,0.3337,0.4633,-29.3182,-8.2611,7.2525,-0.0000,-0.0000,-0.0000,0.0000,-2.5032,0.9465,1.3834,0.0000
-4.2479,5.1216,1.4196,-0.4217,-0.3832,-0.3165,-28.9398,-19.5755,-2.1255,-0.0000,-0.0000,-0.0000,0.0000,-2.2542,0.9129,1.2735,0.0000
-5.1740,4.8574,5.0727,-0.5175,-0.6826,0.9639,-34.7092,-23.9426,4.1550,-0.0000,-0.0000,-0.0000,0.0000,-2.1366,0.7307,0.8422,0.0000
-3.7227,7.1147,3.2982,0.4454,-0.0754,0.1341,-35.4218,-17.0822,19.9509,-0.0000,-0.0000,-0.0000,0.0000,-2.2221,0.8522,0.6142,0.0000
-2.5620,7.1063,6.6030,-0.4941,-0.4471,-0.3229,-36.9843,-30.3375,22.0169,-0.0000,-0.0000,-0.0000,0.0000,-2.4987,0.8479,0.5058,0.0000
-4.0348,6.8075,3.4866,0.5030,-0.4802,-0.9088,-27.1255,-37.9059,32.3654,-0.0000,-0.0000,-0.0000,0.0000,-3.0332,0.8688,0.6309,0.0000
-5.2471,6.1020,3.1474,-0.3769,0.6277,0.6689,-6.5872,-39.1617,49.7971,-0.0000,-0.0000,-0.0000,0.0000,2.7826,0.8382,1.0483,0.0000
-5.8189,6.7915,3.3701,0.1195,-0.0008,-0.0044,-5.1147,-35.1608,53.7720,-0.0000,-0.0000,-0.0000,0.0000,2.7740,0.8437,0.9825,0.0000
-10.6715,8.7711,5.4151,0.0971,-1.1523,0.0499,-6.1569,-29.3121,54.0497,-0.0000,-0.0000,-0.0000,0.0000,2.5474,0.8823,0.9812,0.0000
-6.8983,6.5696,0.8366,0.2111,-0.1968,0.0212,-15.0040,-9.5993,63.4048,-0.0000,-0.0000,-0.0000,0.0000,2.1785,0.9089,1.4174,0.0000
-6.0451,6.9723,0.5305,-0.1319,0.0855,-0.0609,-11.0229,-9.4162,62.2498,-0.0000,-0.0000,-0.0000,0.0000,2.0465,0.8689,1.4333,0.0000
-7.8743,7.2787,3.1115,0.1877,-0.2980,-0.0342,0.5249,-20.2820,59.8648,-0.0000,-0.0000,-0.0000,0.0000,2.1068,0.7961,1.1722,0.0000
-6.3947,6.3761,2.3385,0.3134,0.1249,-0.0001,-0.5692,-16.3025,57.6721,-0.0000,-0.0000,-0.0000,0.0000,2.0302,0.8314,1.2429,0.0000
-6.9366,6.6291,-0.0205,0.2345,0.1920,-0.0854,-8.0505,-9.8694,61.3693,-0.0000,-0.0000,-0.0000,0.0000,1.9156,0.8411,1.4806,0.0000
-6.0806,6.6036,-0.1957,0.0726,-0.0189,-0.0172,-12.1643,-7.3441,59.0271,-0.0000,-0.0000,-0.0000,0.0000,1.8505,0.8162,1.5755,0.0000
-7.1931,6.7743,0.6311,-0.0968,0.0589,-0.0939,-8.4000,-7.7286,62.0743,-0.0000,-0.0000,-0.0000,0.0000,1.8630,0.8140,1.5315,0.0000
-5.2562,7.0074,1.0493,-0.1586,0.0919,0.0180,-9.3033,-10.8704,60.5270,-0.0000,-0.0000,-0.0000,0.0000,1.8776,0.8080,1.5365,0.0000
-6.3129,7.1933,-1.4882,0.5083,0.1004,0.0009,-10.1151,-3.2532,60.4309,-0.0000,-0.0000,-0.0000,0.0000,1.8518,0.8389,1.6120,0.0000
-4.5763,7.2416,-0.6706,0.1408,-0.0008,-0.0470,-16.7450,-0.5508,56.4743,-0.0000,-0.0000,-0.0000,0.0000,1.8386,0.9002,1.7375,0.0000
-5.5483,6.6929,-2.0181,-0.0829,-0.2809,-0.0396,-15.6815,-5.1086,55.6427,-0.0000,-0.0000,-0.0000,0.0000,1.8972,0.9183,1.6792,0.0000
0.1040,5.1646,8.7259,-3.6558,1.5460,1.6681,-29.3747,-22.8897,34.6832,-0.0000,-0.0000,-0.0000,0.0000,2.2685,1.0475,1.3544,0.0000
0.0378,4.0673,9.2769,-0.8403,-0.5739,-0.1418,-44.2688,-8.0582,6.5140,-0.0000,-0.0000,-0.0000,0.0000,-1.8649,0.6907,0.1295,0.0000
0.5170,2.9364,7.4139,-0.9064,2.6730,1.6926,-35.7895,18.9056,0.7523,-0.0000,-0.0000,-0.0000,0.0000,-1.7733,0.4441,-0.0727,0.0000
0.0876,6.6694,5.3991,-0.5506,-0.1212,0.1330,-40.5075,16.1880,1.8951,-0.0000,-0.0000,-0.0000,0.0000,-1.5515,1.0594,-0.0113,0.0000
-0.6486,7.0728,4.9267,-0.4206,-0.1584,-0.1290,-41.1728,15.0589,-1.2024,-0.0000,-0.0000,-0.0000,0.0000,-1.5176,0.9829,0.0459,1.0000
-0.0472,6.4228,3.0807,0.7927,-0.3523,0.3791,-43.5181,12.4054,4.8920,-0.0000,-0.0000,-0.0000,0.0000,-1.6513,0.9106,0.0988,1.0000
2.5772,5.6854,6.0276,-0.1660,0.9494,0.0766,-40.2863,17.8391,7.8674,-0.0000,-0.0000,-0.0000,0.0000,-1.5227,0.7536,-0.2830,1.0000
0.4703,5.9352,6.3987,0.4614,0.8461,-0.2622,-42.0609,19.9600,4.0741,-0.0000,-0.0000,-0.0000,0.0000,-1.4890,0.7503,-0.1540,1.0000
0.0517,6.5672,5.5603,0.0215,-0.0413,-0.1855,-41.8137,15.8234,3.1418,-0.0000,-0.0000,-0.0000,0.0000,-1.5074,0.8311,-0.0510,1.0000
-0.5321,5.5026,6.4653,0.1972,-0.1936,-0.2931,-46.2997,5.7999,5.7159,-0.0000,-0.0000,-0.0000,0.0000,-1.7038,0.7721,0.0472,1.0000
-0.3338,6.1914,5.5105,0.3975,0.0844,-0.3495,-43.6356,3.5873,5.6534,-0.0000,-0.0000,-0.0000,0.0000,-1.7812,0.8806,0.1183,1.0000
-0.0872,7.2133,6.1178,-0.1745,-0.0051,0.3951,-43.6768,5.8716,7.3303,-0.0000,-0.0000,-0.0000,0.0000,-1.7852,0.8551,0.0908,1.0000
-0.7711,5.8909,5.7850,0.1376,0.0184,0.0606,-42.6224,9.2377,10.9451,-0.0000,-0.0000,-0.0000,0.0000,-1.7011,0.8325,-0.0052,1.0000
-0.3908,6.7859,5.3975,-0.0350,-0.0423,-0.0257,-44.1681,10.7651,7.8232,-0.0000,-0.0000,-0.0000,0.0000,-1.6818,0.8648,0.0476,1.0000
-0.3214,6.3721,5.8764,0.1866,-0.0114,-0.0310,-43.6249,9.3307,0.9445,-0.0000,-0.0000,-0.0000,0.0000,-1.6850,0.8314,0.1369,1.0000
-0.4575,6.4340,6.2694,-0.0925,0.0908,0.1959,-41.3177,12.3856,2.1118,-0.0000,-0.0000,-0.0000,0.0000,-1.6463,0.8124,0.0511,1.0000
-0.1306,6.8996,6.4618,-0.0627,-0.0125,0.2896,-42.8818,16.1789,0.8926,-0.0000,-0.0000,-0.0000,0.0000,-1.5410,0.8287,0.0644,1.0000
-0.1869,5.2899,7.1521,0.3325,0.7321,0.2545,-37.2498,21.1700,-8.6212,-0.0000,-0.0000,-0.0000,0.0000,-1.3761,0.6976,0.0916,1.0000
-3.0803,4.8754,7.1693,0.6532,0.4168,0.2832,-31.5186,22.2092,-20.1736,-0.0000,-0.0000,-0.0000,0.0000,-1.3821,0.6120,0.3545,1.0000
-6.2000,2.3415,7.7618,-0.8350,-1.0831,-0.3677,-20.4941,23.0652,-27.1896,-0.0000,-0.0000,-0.0000,0.0000,-1.3903,0.4130,0.7269,1.0000
-1.6745,3.2716,8.4753,1.6950,-1.9523,-0.7171,-34.4849,30.1819,-8.3557,-0.0000,-0.0000,-0.0000,0.0000,-1.0946,0.2902,0.2282,1.0000
-0.5628,7.9603,2.8154,0.3528,-0.5984,-0.0459,-44.5999,-3.6224,17.6300,-0.0000,-0.0000,-0.0000,0.0000,-1.8672,1.1190,0.0504,1.0000
-1.6386,6.9926,4.8676,-0.2459,0.0557,0.0574,-45.7901,-4.6036,10.0266,-0.0000,-0.0000,-0.0000,0.0000,-1.7642,0.9427,0.1055,1.0000
-5.9414,6.7253,0.3506,-0.2832,0.0290,-0.0321,-19.1437,-28.0777,47.3267,-0.0000,-0.0000,-0.0000,0.0000,2.6303,0.9184,1.0982,1.0000
-6.4805,6.7907,1.3074,0.2303,0.2432,-0.0438,-18.6020,-25.6088,49.4553,-0.0000,-0.0000,-0.0000,0.0000,2.6118,0.9321,1.1588,1.0000
-5.7622,6.8773,0.3194,0.1163,0.1334,0.1639,-28.8666,-19.9265,43.3884,-0.0000,-0.0000,-0.0000,0.0000,2.6332,0.9823,1.3748,1.0000
-5.5515,7.0249,-0.1147,-0.0424,-0.1563,-0.0758,-31.0776,-16.4520,43.0923,-0.0000,-0.0000,-0.0000,0.0000,2.5456,0.9618,1.5172,1.0000
-3.7299,6.8234,3.6278,0.1078,-0.2618,-0.2142,-34.4666,-30.3955,22.5372,-0.0000,-0.0000,-0.0000,0.0000,-2.8530,0.9403,0.9598,1.0000
-8.6560,2.4037,3.1965,0.1163,-0.8573,2.6119,-22.9202,-36.1862,36.6394,-0.0000,-0.0000,-0.0000,0.0000,-2.8817,0.8743,0.7978,1.0000
-1.2515,4.6958,6.7467,-0.1820,0.3838,-0.6510,-20.2698,-32.7072,-10.7712,-0.0000,-0.0000,-0.0000,0.0000,-2.2627,0.5726,0.2935,1.0000
-1.0991,4.8726,7.3193,0.2090,-0.5228,-0.2899,-21.7270,-39.3097,-2.5970,-0.0000,-0.0000,-0.0000,0.0000,-2.4040,0.6366,0.2929,1.0000
-0.4846,4.7042,9.5443,-0.2054,-0.0018,-0.4145,-23.5107,-44.4992,0.1801,-0.0000,-0.0000,-0.0000,0.0000,-2.4695,0.5665,0.2579,1.0000
-7.2821,5.3993,1.0864,0.0801,-0.1095,-0.2292,-15.8508,-23.5703,53.8422,-0.0000,-0.0000,-0.0000,0.0000,2.4158,0.6555,1.3449,1.0000
-7.0874,5.7018,-0.0213,0.0939,-0.0551,-0.1290,-18.2190,-23.8541,50.2533,-0.0000,-0.0000,-0.0000,0.0000,2.4488,0.6829,1.4189,1.0000
-7.3799,6.0868,0.0134,0.1173,0.0631,0.0063,-16.3239,-22.4594,51.7624,-0.0000,-0.0000,-0.0000,0.0000,2.3540,0.7125,1.4381,1.0000
-5.8592,6.4344,1.3533,-0.0382,0.0067,0.1192,-18.0740,-20.6070,51.4099,-0.0000,-0.0000,-0.0000,0.0000,2.3437,0.7518,1.4447,1.0000
-7.4844,6.9982,-0.4279,0.4476,0.2080,-0.1812,-18.3380,-18.6325,53.1403,-0.0000,-0.0000,-0.0000,0.0000,2.2405,0.7605,1.5381,1.0000
-5.9494,6.1471,4.1186,-0.2406,0.0706,0.1202,-13.4567,-30.6641,48.9044,-0.0000,-0.0000,-0.0000,0.0000,2.5975,0.7524,1.2721,1.0000
-12.1599,4.7345,0.0924,0.3432,-0.4951,0.0435,-11.3708,-21.6019,55.3818,-0.0000,-0.0000,-0.0000,0.0000,2.2978,0.6139,1.5026,1.0000
-6.2347,5.6211,2.4247,0.2388,-0.0040,-0.3123,-14.0045,-28.6331,46.6095,-0.0000,-0.0000,-0.0000,0.0000,2.6037,0.6533,1.3396,1.0000
-1.6625,8.6107,-4.2878,0.2537,0.8770,-0.9578,-7.4631,12.9456,55.0247,-0.0000,-0.0000,-0.0000,0.0000,2.7874,0.8918,1.5038,1.0000
-8.3180,4.5964,0.2205,0.2526,0.3028,-0.3272,-22.2061,-28.9215,38.8947,-0.0000,-0.0000,-0.0000,0.0000,2.8252,0.6443,1.5283,1.0000
-7.6568,4.4795,3.3142,-0.8488,0.3177,0.3589,-25.0412,-34.3292,18.9804,-0.0000,-0.0000,-0.0000,0.0000,-2.8415,0.6603,1.3852,1.0000
-7.3978,4.6507,3.1821,-0.7402,0.2112,-0.2334,-18.6737,-26.2924,3.9154,-0.0000,-0.0000,-0.0000,0.0000,-2.2890,0.6839,1.2629,1.0000
-7.1169,4.8993,2.5381,-0.1447,0.1867,0.3130,-17.2546,-18.8583,-9.0759,-0.0000,-0.0000,-0.0000,0.0000,-1.9232,0.5839,1.3253,1.0000
-5.2072,4.6814,4.5815,-0.0041,-0.4162,0.1852,-17.7673,-23.2574,0.7187,-0.0000,-0.0000,-0.0000,0.0000,-2.1648,0.5872,1.2133,1.0000
-6.4130,6.0952,2.0919,-0.0084,0.1185,0.0680,-20.8344,-22.8302,0.7355,-0.0000,-0.0000,-0.0000,0.0000,-2.2827,0.6708,1.3376,1.0000
-7.2295,8.3461,1.8609,-0.1905,0.0983,-0.0257,-20.4147,-21.4706,-2.3788,-0.0000,-0.0000,-0.0000,0.0000,-2.2142,0.7035,1.3574,1.0000
-0.3306,6.2189,4.9522,-0.0126,0.1036,0.1906,9.4849,25.2747,-20.4819,-0.0000,-0.0000,-0.0000,0.0000,0.1915,1.1033,0.2750,1.0000
-0.2284,6.7787,6.2750,-0.0669,0.0823,0.1426,3.4271,25.6638,-20.5276,-0.0000,-0.0000,-0.0000,0.0000,0.1008,1.0129,0.2594,1.0000
-0.6382,8.2197,5.6425,-0.8723,-0.2192,0.2662,3.1815,20.7138,-23.3841,-0.0000,-0.0000,-0.0000,0.0000,-0.0974,1.1808,0.4440,1.0000
-0.2507,7.0293,5.3832,-0.2129,-0.1851,-0.0108,7.7545,27.0523,-22.1466,-0.0000,-0.0000,-0.0000,0.0000,0.2477,1.0501,0.1519,1.0000
-0.2364,6.8007,4.9367,-0.0148,-0.1680,0.0403,5.0415,28.1113,-24.0173,-0.0000,-0.0000,-0.0000,0.0000,0.2376,0.9688,0.1406,1.0000
0.6399,7.0425,5.5576,0.0076,0.1569,-0.0885,4.4678,27.2034,-24.1165,-0.0000,-0.0000,-0.0000,0.0000,0.2222,0.9538,0.0964,1.0000
-1.5400,6.7305,4.9486,0.1461,-0.0924,-0.0949,-0.5173,27.1927,-23.6908,-0.0000,-0.0000,-0.0000,0.0000,0.0780,0.9569,0.1701,1.0000
-0.7232,7.0102,5.0500,-0.0179,-0.0391,0.3471,-3.5477,26.0468,-22.8851,-0.0000,-0.0000,-0.0000,0.0000,-0.0427,0.9374,0.2025,1.0000
-1.8900,7.7699,4.8417,0.0651,0.0226,0.0393,-1.8173,22.4091,-29.2145,-0.0000,-0.0000,-0.0000,0.0000,-0.2321,1.0478,0.4679,1.0000
-1.8565,7.5273,4.0388,-0.0126,-0.3545,-0.3229,-1.7487,20.5872,-31.4148,-0.0000,-0.0000,-0.0000,0.0000,-0.3052,1.0785,0.5468,1.0000
-0.1785,6.8673,5.0524,-0.5857,0.1004,0.0723,-11.8927,24.0875,-25.1541,-0.0000,-0.0000,-0.0000,0.0000,-0.1541,0.9231,0.0959,1.0000
-2.3640,7.0261,3.9758,0.9046,-0.5952,-1.8271,-33.8898,-9.3079,-0.4822,-0.0000,-0.0000,-0.0000,0.0000,-1.8365,1.0222,0.7738,1.0000
-6.9442,7.0577,0.7261,-0.5751,0.2538,-0.1940,-29.8920,-20.6665,7.7682,-0.0000,-0.0000,-0.0000,0.0000,-2.6142,0.9755,1.4521,1.0000
-6.2111,7.3091,-0.6578,-0.0808,0.2581,-0.0129,-30.8853,-20.4178,6.6711,-0.0000,-0.0000,-0.0000,0.0000,-2.7678,0.9800,1.6391,1.0000
-2.7814,5.9835,-4.1039,0.1983,0.2506,0.2097,-29.2877,-5.9036,5.1300,-0.0000,-0.0000,-0.0000,0.0000,3.1312,0.9786,2.1529,1.0000
-6.0475,6.5493,-2.7200,0.3251,-0.3321,-0.2462,-31.1462,-19.4794,10.2600,-0.0000,-0.0000,-0.0000,0.0000,-3.0217,0.8582,1.8753,1.0000
-6.9134,6.2843,-2.2607,0.3762,0.2474,0.4292,-30.1300,-21.7926,10.4172,-0.0000,-0.0000,-0.0000,0.0000,-2.9215,0.8229,1.7600,1.0000
-6.1301,6.8011,-2.8206,0.0332,-0.0018,-0.0854,-30.0522,-16.1652,8.4930,-0.0000,-0.0000,-0.0000,0.0000,-2.9783,0.8866,1.8958,1.0000
-6.9577,6.0126,-1.4599,-0.1692,-0.1073,-0.1035,-29.7943,-18.2007,8.4412,-0.0000,-0.0000,-0.0000,0.0000,-2.9080,0.8409,1.8482,1.0000
-7.3216,5.1906,-0.8840,0.0918,-0.1478,-0.0225,-27.6505,-23.0789,7.2556,-0.0000,-0.0000,-0.0000,0.0000,-2.8799,0.7793,1.7814,1.0000
-6.5359,6.1842,0.4008,0.0396,-0.0285,0.1107,-29.0863,-24.7543,11.8683,-0.0000,-0.0000,-0.0000,0.0000,-2.8752,0.7980,1.6615,1.0000
-7.4182,6.5373,-1.3010,0.6798,0.1547,-0.1493,-29.8004,-21.1609,11.6379,-0.0000,-0.0000,-0.0000,0.0000,-2.8904,0.8050,1.6829,1.0000
-7.2283,6.5856,-1.5532,0.5275,-0.2639,-0.3677,-30.1025,-19.3146,7.7103,-0.0000,-0.0000,-0.0000,0.0000,-2.9091,0.8045,1.7769,1.0000
-6.8771,6.0649,-0.3254,-0.5346,-0.3193,-0.0470,-27.8931,-25.2640,11.3373,-0.0000,-0.0000,-0.0000,0.0000,-2.9367,0.7455,1.6695,1.0000
-5.6656,6.6626,2.2312,-0.2353,0.1867,0.2800,-33.3908,-17.0380,-7.4036,-0.0000,-0.0000,-0.0000,0.0000,-2.0891,0.8621,1.1176,1.0000
-2.6027,8.3062,1.9223,0.7171,-0.2927,-0.2217,-37.4634,-8.7234,-10.0647,-0.0000,-0.0000,-0.0000,0.0000,-1.9735,1.0643,1.1276,1.0000
-3.3584,7.8641,0.0657,0.6478,-0.2543,-0.3570,-38.6795,-17.9077,1.1002,-0.0000,-0.0000,-0.0000,0.0000,-2.4527,0.9526,1.3166,1.0000
-4.8408,5.2269,1.1398,-0.2640,0.1249,0.2459,-30.0690,-30.1712,21.7407,-0.0000,-0.0000,-0.0000,0.0000,-3.0535,0.7492,1.4926,1.0000
-6.5084,6.0202,-0.1219,-0.0041,0.0333,0.1490,-30.3040,-28.9154,24.8566,-0.0000,-0.0000,-0.0000,0.0000,-3.1338,0.7284,1.5331,1.0000
-7.6002,6.9012,-1.6857,0.4966,0.3358,-0.0736,-28.2486,-31.3538,26.8051,-0.0000,-0.0000,-0.0000,0.0000,3.1064,0.7356,1.4983,1.0000
-7.2243,6.2297,-0.3067,1.1656,0.1079,-0.3570,-30.6595,-27.5772,24.7070,-0.0000,-0.0000,-0.0000,0.0000,-3.1282,0.7907,1.5787,1.0000
-7.3013,6.3418,-1.2767,-0.0701,-0.0051,-0.0310,-28.9993,-28.1067,29.6188,-0.0000,-0.0000,-0.0000,0.0000,3.0332,0.7243,1.5764,1.0000
-5.4697,6.2947,-1.8553,-0.6475,0.1505,0.2427,-32.4127,-21.9040,28.6682,-0.0000,-0.0000,-0.0000,0.0000,2.9173,0.7608,1.7524,1.0000
-7.0758,5.6726,-2.6394,-0.4835,-0.0264,-0.1056,-31.6406,-21.3684,31.7673,-0.0000,-0.0000,-0.0000,0.0000,2.7502,0.6909,1.8633,1.0000
-6.9114,5.7249,-1.8673,0.0268,-0.1201,0.0936,-28.8971,-24.9237,31.8588,-0.0000,-0.0000,-0.0000,0.0000,2.8098,0.6994,1.7302,1.0000
-7.3049,5.5565,-1.2256,-0.1916,-0.0093,0.0073,-29.3121,-25.8591,33.0811,-0.0000,-0.0000,-0.0000,0.0000,2.8227,0.6971,1.6937,1.0000
-6.1433,6.0784,-1.6191,0.1323,-0.0232,0.1202,-30.1422,-25.9155,35.3516,-0.0000,-0.0000,-0.0000,0.0000,2.7348,0.6873,1.7525,1.0000
-5.8691,6.3390,-2.7240,0.0875,-0.0477,0.0542,-29.0924,-25.6973,36.7462,-0.0000,-0.0000,-0.0000,0.0000,2.6592,0.6740,1.7960,1.0000
-5.5970,6.3366,-1.9830,0.1493,-0.0615,0.0925,-29.8294,-22.9813,37.7319,-0.0000,-0.0000,-0.0000,0.0000,2.6181,0.6868,1.8254,1.0000
-5.6062,6.6762,-1.9930,0.0002,-0.0381,0.0063,-29.9438,-24.8093,36.6409,-0.0000,-0.0000,-0.0000,0.0000,2.5702,0.7118,1.8419,1.0000
-7.4561,4.1459,-1.7009,0.1227,-0.1925,0.2672,-25.7004,-24.7543,41.7557,-0.0000,-0.0000,-0.0000,0.0000,2.5427,0.6952,1.7976,1.0000
-7.0144,6.6483,-1.5548,0.3038,0.1249,-0.0939,-26.0010,-25.2594,44.3069,-0.0000,-0.0000,-0.0000,0.0000,2.5238,0.7319,1.7727,1.0000
-7.0072,5.2544,-1.9331,0.1844,-0.1084,-0.0726,-26.4511,-21.9528,43.5104,-0.0000,-0.0000,-0.0000,0.0000,2.4589,0.7086,1.8136,1.0000
-5.7267,6.0645,1.0525,-0.0659,-0.2639,-0.1386,-26.0330,-32.0313,37.5656,-0.0000,-0.0000,-0.0000,0.0000,2.7959,0.7833,1.5469,1.0000
-4.4993,7.2843,-1.9475,0.0215,0.3784,0.6049,-36.6608,-14.7034,31.5826,-0.0000,-0.0000,-0.0000,0.0000,2.6731,0.8273,1.8164,1.0000
-5.4833,6.5138,2.2396,0.2601,0.6938,0.5666,-28.7857,-27.5177,26.1627,-0.0000,-0.0000,-0.0000,0.0000,-3.0106,0.7935,1.3203,1.0000
-7.0228,6.1985,6.1393,0.6138,0.1494,-0.4710,-27.3163,-30.3711,18.9896,-0.0000,-0.0000,-0.0000,0.0000,-2.7311,0.7602,1.1231,1.0000
-5.1042,7.3992,0.4375,-0.1362,0.8024,0.4217,-32.2830,4.4693,4.9820,-0.0000,-0.0000,-0.0000,0.0000,-2.9574,0.9639,1.9799,1.0000
-3.1146,7.2029,-0.3346,-0.8137,-0.0296,-0.2941,-22.0230,6.2103,-4.2801,-0.0000,-0.0000,-0.0000,0.0000,-2.6930,0.9598,2.0473,1.0000
-3.2674,6.8338,4.7922,-0.5634,0.7247,0.5282,-11.9965,7.2693,-22.6456,-0.0000,-0.0000,-0.0000,0.0000,-1.0779,0.9724,0.8363,1.0000
-6.0591,7.2632,1.2065,0.2484,0.0408,-0.1280,-18.7073,-12.2131,-2.6474,-0.0000,-0.0000,-0.0000,0.0000,-1.9686,0.7954,1.3012,1.0000
-5.7606,6.1902,1.2280,0.3357,-0.1584,-0.0523,-21.8643,-19.5953,-1.1703,-0.0000,-0.0000,-0.0000,0.0000,-2.2198,0.7310,1.3250,1.0000
-5.7143,6.3829,0.6267,-0.3492,-0.0988,-0.0513,-22.6440,-17.0410,-2.2949,-0.0000,-0.0000,-0.0000,0.0000,-2.2744,0.7770,1.4368,1.0000
-5.7347,5.6487,2.4112,0.0449,-0.2277,-0.0214,-23.8922,-20.1065,-1.7410,-0.0000,-0.0000,-0.0000,0.0000,-2.2321,0.7063,1.3146,1.0000
-3.3153,7.5812,2.5165,-3.1626,2.8328,1.8598,-23.1689,-4.6661,-7.9193,-0.0000,-0.0000,-0.0000,0.0000,-2.3300,0.8429,1.4082,1.0000
-0.4307,9.9674,3.4419,-0.2970,-0.2884,1.2185,-7.3425,21.0083,-23.8358,-0.0000,-0.0000,-0.0000,0.0000,-0.5273,1.0621,0.4876,1.0000