a02a5c6f-6e8f-4019-aba2-1b2cd4104a30,DS,1659767613206
Accelerometer x,Accelerometer y,Accelerometer z,Gyroscope x,Gyroscope y,Gyroscope z,Magnetometer x,Magnetometer y,Magnetometer z,GPS-Longitude,GPS-Latitude,GPS-Speed,Proximity_ON/OFF,Orientation yaw,Orientation pitch,Orientation roll,Screen
0.7166,6.9067,5.3152,-0.0441,0.0768,0.0278,23.0194,30.4703,-18.8080,-0.0000,-0.0000,-0.0000,0.0000,0.7145,0.9281,-0.1785,1.0000
0.9486,5.8122,3.6760,-0.7551,0.3260,-0.2771,27.2964,28.5263,-11.2823,-0.0000,-0.0000,-0.0000,0.0000,0.6782,0.7921,-0.0271,1.0000
0.9384,6.3080,5.8921,0.0240,-0.1731,0.0090,22.7432,24.4736,-17.6865,-0.0000,-0.0000,-0.0000,0.0000,0.7617,0.8293,-0.2024,1.0000
8.2430,2.4568,-2.1274,-0.3399,0.1567,-0.2390,11.0184,0.6180,-39.4135,-0.0000,-0.0000,-0.0000,0.0000,1.8544,0.4983,-1.7119,1.0000
-2.2993,7.1314,8.4683,-0.0663,-0.4066,0.1464,25.1846,24.8001,-12.6709,-0.0000,-0.0000,-0.0000,0.0000,0.7902,0.7270,-0.2345,1.0000
0.6282,5.8658,6.5845,0.0438,-0.0264,-0.0046,23.6786,25.8163,-15.5930,-0.0000,-0.0000,-0.0000,0.0000,0.7515,0.7363,-0.2158,1.0000
1.2943,5.2930,6.7409,0.0662,-0.0099,-0.0127,25.3616,24.6628,-16.5726,-0.0000,-0.0000,-0.0000,0.0000,0.8156,0.7166,-0.2362,1.0000
0.9920,5.5847,5.5716,-0.1181,-0.0577,-0.0903,25.1984,25.6866,-17.1280,-0.0000,-0.0000,-0.0000,0.0000,0.8080,0.7301,-0.2183,1.0000
1.5251,5.7793,6.5020,0.0311,0.0561,-0.0498,24.9557,25.2838,-15.6967,-0.0000,-0.0000,-0.0000,0.0000,0.8160,0.7338,-0.2246,1.0000
-2.2642,6.8413,4.9229,0.3381,-0.0624,0.0881,31.7902,19.2566,-20.7077,-0.0000,-0.0000,-0.0000,0.0000,0.3652,1.0144,0.4525,1.0000
-1.3982,7.3460,4.7540,0.0882,0.0480,-0.0841,32.7423,18.9484,-19.6228,-0.0000,-0.0000,-0.0000,0.0000,0.5513,0.9748,0.3129,1.0000
-1.3961,7.0148,4.9380,0.1084,0.0278,-0.0630,34.4559,20.8405,-14.8911,-0.0000,-0.0000,-0.0000,0.0000,0.6247,0.9707,0.2755,1.0000
-1.5435,7.1575,4.6419,0.0251,0.0148,-0.0719,34.3369,19.3710,-21.0968,-0.0000,-0.0000,-0.0000,0.0000,0.6315,0.9585,0.2992,1.0000
-1.5480,7.1826,4.5396,0.0187,-0.0221,-0.0031,32.4387,17.2928,-20.2652,-0.0000,-0.0000,-0.0000,0.0000,0.6458,0.9711,0.2888,1.0000
-1.2601,7.3049,4.5741,-0.6590,0.2510,0.7764,32.7499,17.7673,-19.5923,-0.0000,-0.0000,-0.0000,0.0000,0.9280,0.8690,0.1230,1.0000
-0.0299,4.7541,7.6435,0.4883,-0.1160,-0.4290,38.6856,15.1169,-8.1726,-0.0000,-0.0000,-0.0000,0.0000,1.0602,0.7162,0.1159,1.0000
-1.0964,6.4377,5.6798,-0.1398,-0.0274,0.0919,37.0636,22.6868,-14.3433,-0.0000,-0.0000,-0.0000,0.0000,0.8565,0.8423,0.1493,1.0000
-1.5573,6.8673,5.2475,-0.0137,-0.0325,-0.0074,35.2066,19.1406,-19.7144,-0.0000,-0.0000,-0.0000,0.0000,0.7738,0.8703,0.1939,1.0000
-1.0786,6.5861,5.6615,-0.2146,-0.0528,0.1275,32.8156,19.4199,-19.1818,-0.0000,-0.0000,-0.0000,0.0000,0.7805,0.8329,0.1498,1.0000
-1.3636,6.6612,5.5351,0.0979,-0.0826,-0.1007,36.3297,18.2922,-20.1904,-0.0000,-0.0000,-0.0000,0.0000,0.7415,0.8268,0.1879,1.0000
-1.4634,6.8897,5.1580,-0.3580,-0.0932,0.0862,31.4774,19.9707,-23.0637,-0.0000,-0.0000,-0.0000,0.0000,0.6835,0.8185,0.1789,1.0000
0.8702,6.8077,4.7221,-0.0405,-0.0036,-0.0336,24.2828,28.8116,-13.8474,-0.0000,-0.0000,-0.0000,0.0000,0.8342,0.9178,-0.1026,1.0000
0.8393,6.6678,4.9350,-0.2455,-0.0040,0.0704,24.1531,26.5350,-16.1987,-0.0000,-0.0000,-0.0000,0.0000,0.8178,0.8575,-0.1259,1.0000
1.3884,5.8934,6.2138,0.1555,-0.0545,-0.0500,21.9574,24.8703,-20.4987,-0.0000,-0.0000,-0.0000,0.0000,0.7473,0.7500,-0.2118,1.0000
-1.7294,7.2572,6.6380,0.0098,0.2255,0.2406,31.1829,23.0103,-16.5329,-0.0000,-0.0000,-0.0000,0.0000,0.6561,0.8014,0.2168,1.0000
-1.1541,6.7722,5.8130,0.0332,-0.0466,0.0090,32.4173,19.7327,-19.7266,-0.0000,-0.0000,-0.0000,0.0000,0.6374,0.8400,0.1748,1.0000
-1.2769,6.9453,5.3192,-0.0107,0.0022,0.0384,32.1762,18.9316,-17.6819,-0.0000,-0.0000,-0.0000,0.0000,0.7115,0.8465,0.1892,1.0000
-1.0979,6.5284,5.7601,-0.0167,-0.0063,0.0487,32.3318,19.6457,-18.2983,-0.0000,-0.0000,-0.0000,0.0000,0.7529,0.8481,0.1865,1.0000
-1.0685,6.7313,5.5236,0.1715,0.0602,-0.0698,33.8638,17.0670,-18.3441,-0.0000,-0.0000,-0.0000,0.0000,0.7746,0.8897,0.1896,1.0000
-1.2245,6.8706,4.9490,0.0132,0.0906,0.0977,32.7759,12.3123,-15.7715,-0.0000,-0.0000,-0.0000,0.0000,0.9189,0.9403,0.1512,1.0000
-1.3626,7.5640,4.2306,0.0108,0.1829,0.0798,32.7057,8.5098,-11.3922,-0.0000,-0.0000,-0.0000,0.0000,1.0079,1.0565,0.2005,1.0000
-1.9709,7.8206,3.5265,0.0270,0.2042,0.0205,28.6469,4.8782,-5.2414,-0.0000,-0.0000,-0.0000,0.0000,1.1016,1.1022,0.3082,1.0000
-1.1906,7.5663,3.5206,0.0168,0.1852,-0.0313,28.6316,3.1952,0.9644,-0.0000,-0.0000,-0.0000,0.0000,1.1172,1.1248,0.4717,1.0000
-0.9722,7.7393,3.6130,-0.0625,-0.0068,0.0589,27.7542,0.8774,5.5115,-0.0000,-0.0000,-0.0000,0.0000,1.3791,1.0921,0.3578,1.0000
-0.7468,7.8849,4.8617,-0.4477,0.3214,0.4613,27.5146,-1.1917,9.1660,-0.0000,-0.0000,-0.0000,0.0000,1.8298,0.8587,0.0417,1.0000
1.3524,5.6834,6.2111,0.0358,-0.0048,-0.1043,23.0179,2.5955,11.5112,-0.0000,-0.0000,-0.0000,0.0000,1.9351,0.8389,-0.0774,1.0000
1.1756,5.9362,6.3814,0.0732,0.1366,-0.0508,22.2992,2.1866,12.6312,-0.0000,-0.0000,-0.0000,0.0000,1.9258,0.8068,-0.0683,1.0000
2.3997,6.8425,3.5471,-0.3345,-0.0766,0.1234,26.4587,-0.9888,-3.7216,-0.0000,-0.0000,-0.0000,0.0000,1.8347,0.9486,-0.5588,1.0000
0.5992,4.8652,6.8036,0.4399,-0.1420,0.2101,23.4329,4.2068,5.0919,-0.0000,-0.0000,-0.0000,0.0000,1.7131,0.7314,-0.1477,1.0000
-3.2574,3.5819,10.9436,3.0630,1.5038,4.5117,15.3305,0.8499,8.1253,-0.0000,-0.0000,-0.0000,0.0000,-2.5702,0.9167,-1.0372,1.0000
4.4801,2.6969,7.5642,0.2358,0.0531,0.1592,3.8361,2.3193,13.4323,-0.0000,-0.0000,-0.0000,1.0000,-1.9630,0.5968,-0.6064,1.0000
3.0141,4.5076,7.1020,-0.0060,-0.0016,0.0416,3.9230,2.4078,11.6287,-0.0000,-0.0000,-0.0000,1.0000,-2.0625,0.6349,-0.5219,1.0000
3.6317,4.1366,6.7342,-0.1240,-0.0662,0.1256,2.4139,2.2293,11.6684,-0.0000,-0.0000,-0.0000,1.0000,-1.9817,0.5698,-0.5515,1.0000
6.7324,2.8803,5.2855,0.5603,-1.0607,-0.3500,8.7265,0.6775,8.4869,-0.0000,-0.0000,-0.0000,1.0000,-1.9704,0.5441,-1.1191,1.0000
7.3237,4.1387,-0.8586,-0.1004,-0.5665,0.1859,11.9797,3.6530,5.1880,-0.0000,-0.0000,-0.0000,1.0000,-1.7888,0.5599,-1.7040,1.0000
7.7307,4.2491,-1.2349,0.0132,0.0599,0.0293,11.8225,2.0645,7.4036,-0.0000,-0.0000,-0.0000,1.0000,-1.7471,0.5523,-1.6561,1.0000
7.6557,3.5967,-0.7909,0.0014,0.0318,-0.0150,9.7321,4.7943,7.3563,-0.0000,-0.0000,-0.0000,1.0000,-1.6591,0.5205,-1.5907,1.0000
7.3027,4.1505,-0.3405,-0.1049,-0.1346,-0.0832,10.3027,3.4653,6.6528,-0.0000,-0.0000,-0.0000,1.0000,-1.7094,0.5951,-1.6276,1.0000
6.7378,4.7446,0.2270,-0.0757,0.1023,-0.1329,11.1679,4.4205,7.3273,-0.0000,-0.0000,-0.0000,1.0000,-1.7083,0.6303,-1.5172,1.0000
6.6507,5.3755,0.0544,-0.1677,-0.1476,0.1196,11.4090,4.9026,6.0440,-0.0000,-0.0000,-0.0000,1.0000,-1.7706,0.6249,-1.5637,1.0000
7.0018,5.0902,-0.8845,0.0858,-0.0628,-0.1005,13.0661,6.1020,6.9580,-0.0000,-0.0000,-0.0000,1.0000,-1.8607,0.6648,-1.6677,1.0000
6.5496,5.3891,-0.5353,0.0409,0.0569,0.0738,13.3301,3.2730,6.2851,-0.0000,-0.0000,-0.0000,1.0000,-1.9050,0.6335,-1.6471,1.0000
6.9455,4.7471,-1.0752,-0.1072,0.0043,-0.1088,12.6068,4.6051,5.5557,-0.0000,-0.0000,-0.0000,1.0000,-1.8741,0.6385,-1.6695,1.0000
6.8405,5.0568,-1.1243,0.0038,0.0465,-0.0349,10.9299,5.8456,4.9561,-0.0000,-0.0000,-0.0000,1.0000,-1.8266,0.6306,-1.7096,1.0000
7.0437,4.9814,-0.5363,-0.0397,-0.0372,0.1254,12.8235,4.9042,9.8389,-0.0000,-0.0000,-0.0000,1.0000,-1.8329,0.5903,-1.6759,1.0000
7.2005,4.6072,-1.0979,0.1459,0.0812,0.0780,14.1937,4.1473,7.2617,-0.0000,-0.0000,-0.0000,1.0000,-1.8465,0.5621,-1.7047,1.0000
6.8892,4.5360,-0.7134,0.0132,0.1013,-0.1972,11.1679,4.2603,7.6324,-0.0000,-0.0000,-0.0000,1.0000,-1.7682,0.6483,-1.6196,1.0000
6.6479,4.9418,-0.3252,0.0321,0.0469,0.0182,10.1227,5.9830,6.9611,-0.0000,-0.0000,-0.0000,1.0000,-1.8207,0.6266,-1.6007,1.0000
6.7816,5.0167,0.3346,0.0564,-0.0093,-0.0468,9.0897,5.8899,7.0129,-0.0000,-0.0000,-0.0000,1.0000,-1.7637,0.6534,-1.5387,1.0000
6.3617,4.5016,-0.5097,-0.0842,0.0810,-0.1165,9.6802,2.9938,4.5441,-0.0000,-0.0000,-0.0000,1.0000,-1.8122,0.6186,-1.6454,1.0000
6.9107,4.4991,-0.6965,0.0164,0.0201,-0.0613,11.3251,5.5328,5.8746,-0.0000,-0.0000,-0.0000,1.0000,-1.8343,0.6122,-1.6691,1.0000
6.9928,4.5145,-0.4647,-0.0691,-0.0336,-0.0658,10.7727,4.4968,6.6391,-0.0000,-0.0000,-0.0000,1.0000,-1.8737,0.6053,-1.6313,1.0000
7.0590,4.6292,-0.4315,0.0085,-0.0125,-0.0574,11.7508,3.0243,4.2953,-0.0000,-0.0000,-0.0000,1.0000,-1.8632,0.6173,-1.6279,1.0000
7.0107,4.8815,-0.4593,-0.0435,-0.0004,-0.0112,8.1741,3.9322,1.7761,-0.0000,-0.0000,-0.0000,1.0000,-1.8494,0.6162,-1.6259,1.0000
6.7854,5.1850,-0.7369,0.2241,0.0646,-0.0065,11.3327,3.7125,7.4249,-0.0000,-0.0000,-0.0000,1.0000,-1.7944,0.6277,-1.6874,1.0000
5.9055,5.4624,-1.6654,-0.0810,-0.0238,0.0071,13.0081,4.9316,4.5059,-0.0000,-0.0000,-0.0000,1.0000,-1.8059,0.7262,-1.8317,1.0000
6.2381,5.8855,-1.7061,0.0421,0.0256,0.1124,12.6038,5.8731,4.2465,-0.0000,-0.0000,-0.0000,1.0000,-1.8163,0.6960,-1.8113,1.0000
5.7351,5.8524,-1.7557,0.1810,0.4850,0.1948,11.3571,2.7054,3.7674,-0.0000,-0.0000,-0.0000,1.0000,-1.8128,0.6590,-1.7549,1.0000
6.7395,5.4257,-1.0344,-0.1160,-0.2952,0.0131,12.1460,4.0619,2.7756,-0.0000,-0.0000,-0.0000,1.0000,-1.8451,0.6733,-1.7682,1.0000
6.0012,5.5681,-1.3329,0.0534,0.0237,0.0595,13.4918,2.9602,6.2210,-0.0000,-0.0000,-0.0000,1.0000,-1.8785,0.6861,-1.7835,1.0000
6.4546,5.6707,-1.4885,0.0541,0.1631,0.2451,14.0335,5.8121,4.7348,-0.0000,-0.0000,-0.0000,1.0000,-1.9860,0.6696,-1.7356,1.0000
6.9044,4.4112,-0.0166,0.0575,0.4187,-0.3939,8.5205,5.4718,10.3912,-0.0000,-0.0000,-0.0000,1.0000,-1.8454,0.6660,-1.4228,1.0000
6.7828,5.1038,1.0353,0.0658,-0.3736,-0.0428,10.4340,5.3436,9.8419,-0.0000,-0.0000,-0.0000,1.0000,-1.9273,0.6435,-1.5478,1.0000
6.3598,5.5484,-0.4850,-0.0482,-0.0562,-0.0119,12.5183,4.7546,7.3547,-0.0000,-0.0000,-0.0000,1.0000,-1.8741,0.7204,-1.6661,1.0000
6.8118,5.1984,0.0050,-0.0544,0.1239,-0.0526,12.9013,5.7770,8.7662,-0.0000,-0.0000,-0.0000,1.0000,-2.0258,0.6876,-1.5153,1.0000
6.5192,5.4112,-0.3827,-0.0216,-0.1312,0.0105,15.2237,4.7119,7.4997,-0.0000,-0.0000,-0.0000,1.0000,-2.1087,0.6958,-1.6381,1.0000
6.1372,5.5405,-0.7738,0.0449,0.0075,0.0122,14.2014,3.9154,6.2149,-0.0000,-0.0000,-0.0000,1.0000,-2.1489,0.7127,-1.6631,1.0000
5.7947,5.4443,-0.5370,-0.0684,0.1104,0.2349,14.5798,5.3314,7.8430,-0.0000,-0.0000,-0.0000,1.0000,-2.1328,0.6855,-1.6137,1.0000
6.5518,5.3443,-0.6071,0.1440,0.2357,0.1835,14.6408,6.1081,10.4568,-0.0000,-0.0000,-0.0000,1.0000,-2.0116,0.6536,-1.6158,1.0000
6.4951,5.5887,-0.4365,0.3174,0.1400,-0.1005,12.7441,6.1737,7.6996,-0.0000,-0.0000,-0.0000,1.0000,-1.8643,0.7030,-1.6591,1.0000
6.4949,5.4855,-0.7672,0.2132,-0.2946,-0.3385,12.7533,7.1365,3.9917,-0.0000,-0.0000,-0.0000,1.0000,-1.8030,0.7745,-1.7723,1.0000
6.2471,5.4741,-0.2962,0.0125,-0.0905,0.0425,10.6827,6.7886,5.0751,-0.0000,-0.0000,-0.0000,1.0000,-1.9835,0.6918,-1.6594,1.0000
6.1968,5.4409,-0.9615,0.0281,0.0849,-0.0334,11.0016,5.6808,6.7657,-0.0000,-0.0000,-0.0000,1.0000,-1.9797,0.6993,-1.6727,1.0000
7.0534,4.9704,-0.3946,-0.0774,-0.4987,-0.0981,9.9747,5.9921,4.6265,-0.0000,-0.0000,-0.0000,1.0000,-1.9085,0.6747,-1.7271,1.0000
4.7748,6.4206,-2.8554,-0.0638,-0.4682,-0.0811,10.9650,6.2790,-3.3234,-0.0000,-0.0000,-0.0000,0.0000,-1.9830,0.8681,-2.3001,1.0000
1.6166,3.6852,6.9995,-0.6507,0.6663,-0.9214,18.8599,-4.0741,10.0693,-0.0000,-0.0000,-0.0000,0.0000,1.8966,0.6395,-0.3323,1.0000
1.6982,4.7969,7.0161,-0.0544,0.2762,-0.2138,20.0027,2.4017,10.0861,-0.0000,-0.0000,-0.0000,0.0000,1.8385,0.7356,-0.2438,1.0000
0.5907,5.6512,6.4737,0.3242,-0.6295,-0.3617,22.6791,8.6044,6.0135,-0.0000,-0.0000,-0.0000,0.0000,1.6666,0.8854,-0.2491,1.0000
-0.9143,8.3421,5.9585,0.0843,0.0582,-0.0195,26.0895,3.9566,-0.9979,-0.0000,-0.0000,-0.0000,0.0000,1.4147,1.0649,0.0667,1.0000
-0.6025,7.5382,4.0683,0.0374,1.3858,0.9413,20.4407,-2.9510,10.4568,-0.0000,-0.0000,-0.0000,0.0000,1.8331,1.0770,-0.0327,1.0000
4.1084,3.7004,3.8900,-0.4072,0.1089,-1.2736,24.9664,8.3008,-6.5491,-0.0000,-0.0000,-0.0000,0.0000,1.4300,0.9799,-0.3122,1.0000
-1.0826,6.3891,6.0393,0.0971,0.0325,0.1560,18.8828,4.2877,-8.9340,-0.0000,-0.0000,-0.0000,0.0000,1.1867,1.0274,-0.1035,1.0000
-1.7429,7.6131,4.3174,0.1617,0.1541,-0.1358,16.0599,3.9719,-0.2029,-0.0000,-0.0000,-0.0000,0.0000,1.0211,1.1814,0.1386,1.0000
-2.1286,7.0634,4.5696,0.0777,0.4854,0.2387,14.3005,-1.6205,11.1679,-0.0000,-0.0000,-0.0000,0.0000,1.6258,1.0969,0.0873,1.0000
-2.3961,7.2165,5.2338,0.1099,0.5617,0.2087,0.7034,-2.4399,27.7542,-0.0000,-0.0000,-0.0000,0.0000,2.1692,1.2054,0.3179,1.0000
-0.0289,8.1929,3.6063,-0.0676,1.1280,0.5295,-21.2051,3.0228,24.8764,-0.0000,-0.0000,-0.0000,0.0000,-3.0334,1.2200,0.0632,1.0000
1.1120,5.8882,6.4431,0.0494,-0.0734,-0.0845,-26.5244,0.4974,26.6083,-0.0000,-0.0000,-0.0000,0.0000,-2.3449,0.9662,-0.1015,1.0000
1.4227,6.1616,5.7962,-0.2921,-0.0630,0.0491,-28.8254,-0.3220,26.5701,-0.0000,-0.0000,-0.0000,0.0000,-2.2679,0.8528,-0.1308,1.0000
2.1109,5.4848,5.3767,0.0183,0.1726,0.0998,-25.8881,-1.6357,29.9850,-0.0000,-0.0000,-0.0000,0.0000,-2.1228,0.8592,-0.2112,1.0000
1.4690,6.6771,3.7940,-0.2845,0.4622,-0.6523,-23.7015,4.7043,28.3035,-0.0000,-0.0000,-0.0000,0.0000,-2.4211,1.0223,0.0905,1.0000
-0.7094,7.5874,4.1655,-0.0150,-0.0379,0.0397,-22.2031,-8.8654,20.0378,-0.0000,-0.0000,-0.0000,0.0000,-2.4664,1.1032,0.2092,1.0000
0.4859,6.8792,4.9106,0.1485,0.0390,-0.1586,-23.1705,-9.2880,23.2559,-0.0000,-0.0000,-0.0000,0.0000,-2.3647,1.0434,0.0395,1.0000
0.5810,7.0635,4.6010,-0.0226,0.0137,-0.0257,-20.4651,-9.0134,22.8668,-0.0000,-0.0000,-0.0000,0.0000,-2.4193,1.0429,0.0554,1.0000
-0.9477,7.2480,4.0283,0.0737,0.0226,-0.1608,-20.4605,-9.0073,21.7392,-0.0000,-0.0000,-0.0000,0.0000,-2.5203,1.0526,0.1403,1.0000
-1.0434,7.3808,4.3823,-0.0333,-0.0376,0.1070,-20.8618,-8.2230,21.1838,-0.0000,-0.0000,-0.0000,0.0000,-2.4320,1.0305,0.0550,1.0000
-0.4884,7.6014,4.9237,0.1359,0.0054,-0.0589,-19.8273,-8.6060,21.8216,-0.0000,-0.0000,-0.0000,0.0000,-2.4636,1.0509,0.0766,1.0000
-0.3253,7.2063,4.2617,-0.0271,0.0205,-0.0485,-19.0323,-9.3094,23.1369,-0.0000,-0.0000,-0.0000,0.0000,-2.5254,1.0413,0.1135,1.0000
-1.4625,7.5590,4.2003,-0.0963,-0.0332,0.1138,-19.5938,-8.2901,22.4197,-0.0000,-0.0000,-0.0000,0.0000,-2.5563,1.0350,0.1270,1.0000
-0.1266,7.4030,4.3437,-0.0420,-0.0330,0.0736,-19.3451,-8.9905,21.4676,-0.0000,-0.0000,-0.0000,0.0000,-2.5486,1.0290,0.1250,1.0000
-0.1502,7.2491,4.6042,0.0257,0.0169,0.0058,-19.9142,-9.1705,24.3134,-0.0000,-0.0000,-0.0000,0.0000,-2.5692,1.0383,0.1221,1.0000
-0.3450,7.5682,4.8301,-0.1021,-0.0227,0.1390,-19.6655,-9.1568,22.3648,-0.0000,-0.0000,-0.0000,0.0000,-2.5026,1.0225,0.0686,1.0000
-0.0557,5.6758,6.0188,0.0289,0.2430,-0.0854,-28.6346,-7.1167,14.1907,-0.0000,-0.0000,-0.0000,0.0000,-2.1887,0.8307,0.0668,1.0000
1.3572,7.3879,3.6040,0.2092,-0.4196,0.0231,-20.9442,8.0505,28.7415,-0.0000,-0.0000,-0.0000,0.0000,-1.9959,1.1588,-0.5317,1.0000
2.0690,7.5930,2.2407,0.0411,0.2838,0.0190,-16.7465,9.5200,30.2399,-0.0000,-0.0000,-0.0000,0.0000,-1.8705,1.1673,-0.6868,1.0000
0.6315,5.4410,6.5951,-0.1000,-0.0805,-0.0822,-28.1158,2.8564,22.7493,-0.0000,-0.0000,-0.0000,0.0000,-2.1091,0.7864,-0.0751,1.0000
-0.1125,5.5482,8.6899,0.3099,-0.1985,0.0627,-26.6937,2.2324,25.8072,-0.0000,-0.0000,-0.0000,0.0000,-2.0992,0.7574,-0.1199,1.0000
0.3403,7.1411,7.2362,0.1859,0.0938,0.2329,-23.5092,-6.6147,23.4055,-0.0000,-0.0000,-0.0000,0.0000,-2.1264,0.8874,-0.1581,1.0000
0.1399,7.0513,5.4750,0.3658,0.1754,-0.1386,-25.7721,-1.1215,21.4813,-0.0000,-0.0000,-0.0000,0.0000,-2.1741,1.0816,-0.0056,1.0000
1.1503,4.2974,6.9608,0.2733,0.1658,-0.1060,-33.8531,18.0954,15.8295,-0.0000,-0.0000,-0.0000,0.0000,-1.5122,0.8097,-0.0994,1.0000
0.4393,6.6321,7.0550,-0.0853,0.1803,0.6439,-35.9802,23.1689,19.7815,-0.0000,-0.0000,-0.0000,0.0000,-1.4614,0.7075,-0.2098,1.0000
2.4122,5.6982,8.5067,0.6005,0.1337,0.1132,-37.3047,34.6924,11.6409,-0.0000,-0.0000,-0.0000,0.0000,-0.8799,0.8602,-0.2940,1.0000
-0.1513,6.6658,5.5477,0.2156,0.1803,0.1337,-38.1409,37.8967,-2.3697,-0.0000,-0.0000,-0.0000,0.0000,-0.7724,0.9520,-0.0896,1.0000
1.4452,6.6973,5.1759,-0.0910,0.0516,-0.0834,-38.4216,35.3088,-5.6931,-0.0000,-0.0000,-0.0000,0.0000,-0.7812,1.0083,-0.1221,1.0000
1.1884,5.5274,7.9929,0.3014,-0.0726,0.1043,-40.7913,30.6091,-1.6525,-0.0000,-0.0000,-0.0000,0.0000,-0.8539,0.7985,-0.1624,1.0000
1.3091,5.4690,6.6311,0.2895,-0.4655,-0.2385,-42.3187,35.8124,-6.9336,-0.0000,-0.0000,-0.0000,0.0000,-0.8309,0.8865,-0.1559,1.0000
1.2425,6.4995,5.6060,-0.0045,-0.1731,0.0638,-41.2201,39.6255,-10.3088,-0.0000,-0.0000,-0.0000,0.0000,-0.7954,0.8887,-0.1520,1.0000
1.9482,6.2001,5.0746,-0.1656,0.2304,0.0293,-41.2094,36.3785,-6.9199,-0.0000,-0.0000,-0.0000,0.0000,-0.7965,0.8644,-0.2219,1.0000
1.7808,5.9183,5.9869,0.0438,-0.0553,-0.0263,-41.4291,34.1721,-7.3959,-0.0000,-0.0000,-0.0000,0.0000,-0.8250,0.8228,-0.2178,1.0000
0.9844,6.3807,5.4120,0.8266,-0.6832,-0.2711,-41.6214,31.8344,-13.3560,-0.0000,-0.0000,-0.0000,0.0000,-0.8510,1.1056,-0.2607,1.0000
0.6490,7.4009,4.6605,-0.7244,0.3209,0.4897,-41.3574,29.0039,-13.9542,-0.0000,-0.0000,-0.0000,0.0000,-0.7149,0.8079,-0.1868,1.0000
-1.6963,6.4095,4.9973,0.0675,0.3463,0.0126,-40.3717,18.2495,-19.5984,-0.0000,-0.0000,-0.0000,0.0000,-1.1425,0.9316,0.2414,1.0000
-2.4332,6.8014,4.5864,-0.1483,-0.0820,0.0476,-39.0594,7.3502,-26.6571,-0.0000,-0.0000,-0.0000,0.0000,-1.3828,0.9213,0.4085,1.0000
-2.5561,6.8566,4.9534,0.0664,0.0324,-0.0687,-38.9160,8.0505,-24.6414,-0.0000,-0.0000,-0.0000,0.0000,-1.3959,0.9554,0.4209,1.0000
-1.9071,7.3731,3.8444,-0.0983,-0.0462,0.0957,-37.9608,8.3023,-25.0000,-0.0000,-0.0000,-0.0000,0.0000,-1.2927,0.9625,0.3544,1.0000
-1.8844,7.7291,3.6328,0.0104,-0.0166,-0.0470,-41.1575,10.0708,-25.0504,-0.0000,-0.0000,-0.0000,0.0000,-1.3670,0.9976,0.4065,1.0000
-1.5665,6.7708,5.3942,0.0815,0.0478,-0.1373,-39.1647,8.9111,-23.8434,-0.0000,-0.0000,-0.0000,0.0000,-1.3272,0.9399,0.3635,1.0000
-2.8385,6.6167,5.6593,0.0140,-0.0157,0.0557,-38.8214,6.1615,-24.5911,-0.0000,-0.0000,-0.0000,0.0000,-1.3752,0.9199,0.4180,1.0000
-1.1935,6.4194,6.6303,0.3896,-0.0798,-0.2577,-39.0610,5.1254,-22.7676,-0.0000,-0.0000,-0.0000,0.0000,-1.4350,0.9131,0.3787,1.0000
1.3102,7.8373,5.9033,0.3050,-0.3253,-0.3016,-40.6021,4.4373,-15.1978,-0.0000,-0.0000,-0.0000,0.0000,-1.4858,1.1233,0.1960,1.0000
0.4601,8.2222,5.5539,-0.1407,-0.2844,0.1384,-38.5437,-3.0869,-0.5219,-0.0000,-0.0000,-0.0000,0.0000,-1.7537,1.1677,0.0634,1.0000
2.5394,4.0225,8.5665,0.2256,-0.4652,-0.2765,-33.3908,0.4578,14.8560,-0.0000,-0.0000,-0.0000,0.0000,-1.8324,0.5389,-0.2835,1.0000
1.3546,6.3577,5.4328,-0.0889,-0.2535,-0.0849,-24.3652,-0.0946,25.0244,-0.0000,-0.0000,-0.0000,0.0000,-2.0035,0.7197,-0.4043,1.0000
0.4056,7.4486,4.7077,-0.1185,0.1684,0.2020,-22.2488,1.4908,29.2480,-0.0000,-0.0000,-0.0000,0.0000,-2.0536,0.8994,-0.3842,1.0000
0.1563,7.2603,4.2659,-0.2604,-0.1695,0.1394,-22.8104,1.7166,29.7546,-0.0000,-0.0000,-0.0000,0.0000,-1.9251,0.8879,-0.3990,1.0000
0.8573,6.7385,4.6278,0.2275,-0.0125,-0.2503,-26.9882,-7.5928,20.0333,-0.0000,-0.0000,-0.0000,0.0000,-2.0361,0.9804,-0.1277,1.0000
-0.7381,7.4813,4.0229,-0.0090,-0.0129,0.0037,-25.5569,-7.4158,20.0653,-0.0000,-0.0000,-0.0000,0.0000,-2.2121,1.0483,-0.0030,1.0000
-0.7911,7.3289,4.4455,0.1399,-0.0210,-0.0572,-24.0372,-8.2611,19.8242,-0.0000,-0.0000,-0.0000,0.0000,-2.2894,1.0326,0.0274,1.0000
0.1248,7.3425,4.4236,0.0104,0.0018,-0.0242,-24.0448,-7.3944,20.1035,-0.0000,-0.0000,-0.0000,0.0000,-2.3049,1.0404,0.0245,1.0000
0.6481,7.1837,3.9219,0.1955,-0.0511,-0.0249,-25.2426,-7.0190,20.2133,-0.0000,-0.0000,-0.0000,0.0000,-2.2821,1.0777,-0.0011,1.0000
0.3324,9.8941,5.7440,-0.0857,0.0945,0.6823,-26.7029,3.1769,26.1597,-0.0000,-0.0000,-0.0000,0.0000,-1.9431,0.9366,-0.2925,1.0000
1.3294,6.6569,5.9018,-0.0226,-0.1751,-0.0905,-26.2558,6.5659,27.0630,-0.0000,-0.0000,-0.0000,0.0000,-2.0264,0.9078,-0.2275,1.0000
0.3392,6.5546,5.2271,0.2430,-0.3202,0.0344,-24.2508,4.3884,27.0950,-0.0000,-0.0000,-0.0000,0.0000,-2.1193,0.9885,-0.1880,1.0000
1.2918,6.2865,5.9237,0.3854,-0.3251,-0.1829,-24.7757,0.8377,26.2680,-0.0000,-0.0000,-0.0000,0.0000,-2.1205,0.8583,-0.1490,1.0000
0.1184,6.9113,4.6461,-0.0595,0.0233,0.0580,-24.6155,0.2853,26.9623,-0.0000,-0.0000,-0.0000,0.0000,-2.2304,0.9189,-0.0526,1.0000
0.4017,7.2807,6.0765,-0.0371,-0.1495,-0.0677,-24.6185,-0.5905,29.1641,-0.0000,-0.0000,-0.0000,0.0000,-2.1919,0.9347,-0.1559,1.0000
0.0842,6.8707,5.8263,-0.0895,-0.1800,0.0229,-16.4795,-4.1870,30.3650,-0.0000,-0.0000,-0.0000,0.0000,-2.5343,0.9225,-0.1455,1.0000
1.1635,6.1779,5.9056,-0.0859,0.0591,-0.0206,-16.4200,-2.6978,32.0587,-0.0000,-0.0000,-0.0000,0.0000,-2.4689,0.9124,-0.1874,1.0000
-0.1811,7.0080,5.1691,0.1335,0.0932,0.2585,-15.7669,5.1117,32.1793,-0.0000,-0.0000,-0.0000,0.0000,-2.3148,1.0358,-0.3674,1.0000
-0.5397,7.5818,4.7183,-0.5898,0.4579,1.0114,-23.6465,6.5063,30.7404,-0.0000,-0.0000,-0.0000,0.0000,-1.8231,0.7661,-0.3636,1.0000
1.5879,6.5834,7.0992,0.6523,0.3829,0.6026,-31.4011,12.2360,29.0451,-0.0000,-0.0000,-0.0000,0.0000,-1.2616,0.7844,-0.5143,1.0000
2.2670,4.7772,7.6420,0.4073,0.4351,0.2583,-36.1038,36.6226,6.6605,-0.0000,-0.0000,-0.0000,0.0000,-0.6109,0.7348,-0.3186,1.0000
0.8670,6.0389,6.8396,0.9005,-0.4501,-0.3306,-39.8743,36.4594,-3.5049,-0.0000,-0.0000,-0.0000,0.0000,-0.7004,1.0881,-0.2656,1.0000
7.1117,3.1491,5.2383,0.0247,0.1239,-0.1118,-32.1167,35.6537,23.6267,-0.0000,-0.0000,-0.0000,0.0000,-0.7822,0.6258,-0.6827,1.0000
0.7298,7.0469,4.7304,-0.0908,-0.1314,-0.0082,-44.7174,27.9861,-8.5281,-0.0000,-0.0000,-0.0000,0.0000,-0.9848,1.0241,-0.0316,1.0000
0.6409,6.9018,5.3955,0.0683,-0.0114,0.0557,-44.8212,31.1356,-8.3847,-0.0000,-0.0000,-0.0000,0.0000,-0.9186,0.9938,-0.1418,1.0000
0.7621,6.7535,4.6877,-0.2619,0.0983,0.2413,-41.9739,33.7784,-9.2041,-0.0000,-0.0000,-0.0000,0.0000,-0.8330,0.9236,-0.2040,1.0000
1.6510,5.5809,6.8854,0.0524,0.1211,-0.1921,-37.3856,36.5173,-8.3298,-0.0000,-0.0000,-0.0000,0.0000,-0.7642,0.8278,-0.1993,1.0000
1.4528,6.2764,5.3017,-0.0337,0.0028,-0.0623,-44.3481,32.6477,-10.0647,-0.0000,-0.0000,-0.0000,0.0000,-0.8422,0.9719,-0.2229,1.0000
1.0882,6.8114,4.7753,0.0306,0.0199,0.0518,-44.1864,31.7001,-9.1339,-0.0000,-0.0000,-0.0000,0.0000,-0.8552,0.9616,-0.2128,1.0000
0.7481,6.5125,5.1339,-0.3737,1.0651,0.7345,-37.2787,35.6735,-12.6648,-0.0000,-0.0000,-0.0000,0.0000,-0.7339,0.9192,-0.1952,1.0000
1.0876,6.0492,5.4096,-0.2088,-0.1248,-0.0315,-43.2968,28.4698,-6.6986,-0.0000,-0.0000,-0.0000,0.0000,-0.9529,0.8767,-0.2052,1.0000
0.7857,6.5283,4.9303,-0.0921,0.2155,0.0770,-44.1101,29.8721,-5.4779,-0.0000,-0.0000,-0.0000,0.0000,-0.9552,0.8979,-0.1694,1.0000
1.0747,6.2186,6.2287,0.0315,0.0989,0.0461,-38.6414,35.9619,-11.1282,-0.0000,-0.0000,-0.0000,0.0000,-0.7672,0.7847,-0.1580,1.0000
1.0121,6.6157,4.8996,-0.1799,0.0621,-0.1048,-44.7998,29.4113,-10.1440,-0.0000,-0.0000,-0.0000,0.0000,-0.9288,0.9127,-0.1521,1.0000
-0.0502,6.8132,5.3444,-0.2176,1.0119,0.8484,-41.2491,33.9569,-11.3708,-0.0000,-0.0000,-0.0000,0.0000,-0.6720,0.8126,-0.1336,1.0000
2.0962,6.3622,4.9954,0.0244,-0.0012,0.0408,-36.3831,42.5339,-11.4609,-0.0000,-0.0000,-0.0000,0.0000,-0.5238,0.8753,-0.4048,1.0000
1.8706,7.2164,4.3044,0.0890,0.1424,0.0889,-32.0847,45.0577,-16.2262,-0.0000,-0.0000,-0.0000,0.0000,-0.3558,0.9179,-0.4301,1.0000
1.6887,7.1405,4.0666,0.0063,0.0887,0.0088,-30.9555,45.9641,-21.1060,-0.0000,-0.0000,-0.0000,0.0000,-0.3069,0.9531,-0.3695,1.0000
1.9592,7.0071,4.8708,0.0558,0.0966,0.0717,-27.9068,44.6823,-24.4537,-0.0000,-0.0000,-0.0000,0.0000,-0.2446,0.9689,-0.3892,1.0000
2.4926,6.3376,5.4722,-0.0806,0.0278,0.1273,-26.4114,46.3531,-23.6313,-0.0000,-0.0000,-0.0000,0.0000,-0.2212,0.9022,-0.3986,1.0000
2.2080,6.2946,4.7091,-0.1302,-0.0400,-0.0306,-27.6825,45.2255,-22.1313,-0.0000,-0.0000,-0.0000,0.0000,-0.3012,0.8750,-0.3626,1.0000
2.0120,6.4536,4.7060,0.0700,0.0218,0.1722,-25.0641,47.4808,-24.6017,-0.0000,-0.0000,-0.0000,0.0000,-0.1745,0.8844,-0.4574,1.0000
1.9362,6.8992,4.6958,0.0328,0.0904,0.1019,-19.8013,47.0093,-26.2589,-0.0000,-0.0000,-0.0000,0.0000,-0.0541,0.8947,-0.4941,1.0000
2.0106,6.6886,5.0008,0.0213,0.1609,0.0885,-19.3069,45.4453,-27.1835,-0.0000,-0.0000,-0.0000,0.0000,-0.0214,0.9161,-0.4192,1.0000
-1.2238,8.4305,7.5583,2.5885,0.9309,3.2378,1.1276,35.1578,-41.1362,-0.0000,-0.0000,-0.0000,0.0000,1.4203,0.5881,-1.3344,1.0000
8.0085,2.0174,3.9942,0.1813,0.0192,-0.0108,27.9678,21.1075,-40.3214,-0.0000,-0.0000,-0.0000,0.0000,1.4545,0.3541,-1.1938,1.0000
5.3540,3.5801,5.4733,-0.2382,-0.2822,-0.8413,3.0960,41.9907,-30.8838,-0.0000,-0.0000,-0.0000,0.0000,0.3390,0.8854,-0.5466,1.0000
6.1826,2.3094,4.0070,1.3401,1.4725,-1.2687,17.6010,29.0375,-31.4651,-0.0000,-0.0000,-0.0000,0.0000,0.6616,1.0900,-0.2882,1.0000
0.4862,7.4065,4.0580,-1.0659,0.2728,0.8378,31.5796,20.4742,-29.1626,-0.0000,-0.0000,-0.0000,0.0000,1.0315,0.8144,-0.3436,1.0000
1.8072,5.1820,6.8277,-0.0392,0.0199,0.0094,34.2651,20.4910,-24.7345,-0.0000,-0.0000,-0.0000,0.0000,0.9920,0.7831,-0.2847,1.0000
1.1224,6.8581,4.9333,-0.0160,-0.0824,-0.0824,26.7517,19.9554,-33.4839,-0.0000,-0.0000,-0.0000,0.0000,0.6921,1.0312,-0.1865,1.0000
1.1278,6.9026,5.0311,-0.0056,0.6041,0.4204,25.0671,21.9040,-33.9508,-0.0000,-0.0000,-0.0000,0.0000,0.7766,1.0077,-0.1775,1.0000
6.8733,4.1403,3.1137,0.0894,-0.0443,-0.1263,20.7001,26.8539,-44.0353,-0.0000,-0.0000,-0.0000,0.0000,1.4028,0.6677,-1.1068,1.0000
-0.4198,7.2351,6.7522,-0.5764,-0.0941,0.2227,31.8726,24.2630,-29.9271,-0.0000,-0.0000,-0.0000,0.0000,0.6100,0.8934,-0.0404,1.0000
0.2538,6.8277,5.5012,0.0933,-0.0828,-0.1099,29.1595,26.2024,-31.4743,-0.0000,-0.0000,-0.0000,0.0000,0.4633,0.9372,0.0297,1.0000
0.4379,6.6588,5.2891,-0.0009,-0.1723,-0.0922,24.3073,27.8839,-34.4971,-0.0000,-0.0000,-0.0000,0.0000,0.3903,0.8886,-0.0295,1.0000
-0.2318,2.2984,8.6694,-0.4515,0.0167,-0.5671,29.1412,31.4240,-19.1269,-0.0000,-0.0000,-0.0000,0.0000,0.4352,0.6026,0.0264,1.0000
-1.4585,3.6296,8.3249,0.3455,0.2048,-0.5605,22.6974,38.8000,-14.7400,-0.0000,-0.0000,-0.0000,0.0000,0.0494,0.4357,0.1984,1.0000
-2.2464,4.0802,7.9094,0.0225,-0.0504,0.0348,16.2537,41.0934,-18.9484,-0.0000,-0.0000,-0.0000,0.0000,0.0753,0.4517,0.1911,1.0000
-2.0466,4.2815,7.8862,0.0063,-0.0063,-0.0349,17.7017,39.5416,-19.7739,-0.0000,-0.0000,-0.0000,0.0000,0.1776,0.4690,0.1911,1.0000
-1.2946,4.1669,7.9185,0.0285,0.0103,-0.0417,18.0237,39.1525,-19.8303,-0.0000,-0.0000,-0.0000,0.0000,0.2335,0.4849,0.1630,1.0000
-1.2861,3.6651,8.5494,0.0500,-0.0340,0.0593,10.8276,38.6185,-28.2715,-0.0000,-0.0000,-0.0000,0.0000,0.1011,0.5824,0.2123,1.0000
-1.7065,6.1060,7.1343,0.1099,0.0489,0.0299,14.1525,32.5348,-31.4911,-0.0000,-0.0000,-0.0000,0.0000,0.1770,0.7063,0.2072,1.0000
-1.7908,5.6623,7.2088,-0.1292,0.0020,0.0363,15.4892,33.6487,-29.9057,-0.0000,-0.0000,-0.0000,0.0000,0.2292,0.6765,0.2144,1.0000
-2.2414,3.2052,8.6514,-0.1814,-0.1199,-0.1033,12.3154,39.9658,-25.4852,-0.0000,-0.0000,-0.0000,0.0000,0.1212,0.4563,0.2097,1.0000
-1.1566,3.4352,8.1049,0.0315,-0.0988,0.0133,14.8834,38.5147,-27.6382,-0.0000,-0.0000,-0.0000,0.0000,0.1372,0.4306,0.1866,1.0000
-1.5288,4.4512,7.9988,0.0210,0.0124,-0.0511,11.6898,39.0961,-26.5320,-0.0000,-0.0000,-0.0000,0.0000,0.1360,0.4806,0.1660,1.0000
-2.8266,4.6013,7.5772,0.1452,0.0631,0.3105,15.2054,37.4924,-26.9272,-0.0000,-0.0000,-0.0000,0.0000,0.2138,0.5410,0.2108,1.0000
-4.5233,5.3328,6.7104,-0.0369,0.1462,0.1929,23.3063,37.1933,-23.4055,-0.0000,-0.0000,-0.0000,0.0000,0.3461,0.5688,0.3602,1.0000
-2.9675,5.3006,6.9167,-0.0337,0.0917,0.0770,30.8960,32.4066,-21.8872,-0.0000,-0.0000,-0.0000,0.0000,0.4629,0.6266,0.3910,1.0000
-1.2773,5.6389,6.6801,0.0632,-0.0965,0.0408,32.5119,29.1183,-21.5378,-0.0000,-0.0000,-0.0000,0.0000,0.5257,0.6797,0.3610,1.0000
-1.0552,5.9584,6.5999,0.0238,0.0493,-0.0217,34.6573,28.9078,-20.6512,-0.0000,-0.0000,-0.0000,0.0000,0.5381,0.7137,0.3398,1.0000
-1.5854,5.6560,7.0210,-0.0691,0.0527,-0.0125,33.9386,29.6890,-21.4401,-0.0000,-0.0000,-0.0000,0.0000,0.5690,0.7102,0.3122,1.0000
-1.6753,4.5667,7.8296,0.0185,0.0374,-0.0255,34.0836,31.8222,-22.0169,-0.0000,-0.0000,-0.0000,0.0000,0.5568,0.6647,0.2820,1.0000
-2.6739,3.8085,8.2220,0.0023,-0.0234,0.0037,32.7225,32.1106,-20.5551,-0.0000,-0.0000,-0.0000,0.0000,0.5351,0.6019,0.3030,1.0000
-2.9001,3.4380,8.4715,-0.0194,-0.0700,-0.1133,31.7627,33.6807,-22.2733,-0.0000,-0.0000,-0.0000,0.0000,0.4863,0.5202,0.3269,1.0000
-0.8367,4.4871,7.4007,0.0892,0.2204,-0.3949,21.7560,35.2264,-28.7323,-0.0000,-0.0000,-0.0000,0.0000,0.2331,0.5578,0.3373,1.0000
-3.3775,4.5748,7.4906,0.0717,0.1196,0.0508,27.1240,30.1788,-28.3936,-0.0000,-0.0000,-0.0000,0.0000,0.3575,0.5677,0.3595,1.0000
-3.2118,5.5297,5.4296,-0.0309,0.1694,0.1087,35.3867,29.8050,-24.9405,-0.0000,-0.0000,-0.0000,0.0000,0.4868,0.6253,0.4679,1.0000
-3.7018,6.5470,5.5863,0.1299,0.5301,0.1961,44.9707,19.9692,-16.0278,-0.0000,-0.0000,-0.0000,0.0000,0.7071,0.7858,0.6490,1.0000
-5.4937,5.2697,3.9263,-0.4083,-0.2803,0.1062,44.4061,11.4563,-0.2670,-0.0000,-0.0000,-0.0000,0.0000,1.0585,0.7273,0.6028,1.0000
-0.2546,7.6478,-0.3306,-1.2144,0.1820,0.3667,29.3625,6.7139,-7.9742,-0.0000,-0.0000,-0.0000,0.0000,1.5965,1.2127,-0.0638,1.0000
1.8928,8.1845,2.2431,-0.3970,0.5227,-0.2302,26.7838,9.5825,11.2061,-0.0000,-0.0000,-0.0000,0.0000,1.9802,1.2188,0.1453,1.0000
0.7720,6.2622,3.1192,0.1557,0.3184,0.1030,26.1429,-0.1190,11.3586,-0.0000,-0.0000,-0.0000,0.0000,1.9947,1.1385,0.0098,1.0000
2.3810,6.9693,4.1909,0.0421,-0.0400,-0.0788,30.2689,-7.6965,9.6252,-0.0000,-0.0000,-0.0000,0.0000,2.2847,1.0854,-0.3269,1.0000
2.9111,6.8154,4.2063,0.2773,0.0695,-0.2145,29.2511,-7.0572,4.8477,-0.0000,-0.0000,-0.0000,0.0000,2.2566,1.1013,-0.3858,1.0000
1.7005,4.6444,3.8329,-0.7496,0.2630,-0.7179,31.1707,-15.8356,17.4454,-0.0000,-0.0000,-0.0000,0.0000,2.1219,0.7539,0.1770,1.0000
-1.6008,4.6760,8.1085,0.0443,0.1539,-0.0664,40.7928,-9.5108,7.9102,-0.0000,-0.0000,-0.0000,0.0000,1.7655,0.6087,0.2228,1.0000
-1.8923,4.7354,7.3762,0.0008,-0.0255,0.0908,39.1281,-12.3062,11.0962,-0.0000,-0.0000,-0.0000,0.0000,1.8560,0.6268,0.2386,1.0000
-1.7364,1.7494,8.9209,-0.0301,-0.1740,-0.4531,38.3636,-2.6001,5.2689,-0.0000,-0.0000,-0.0000,0.0000,1.5276,0.6260,0.2955,1.0000
-0.9752,5.2402,4.1056,0.7192,-1.5923,-0.3383,26.1017,-3.8925,9.4971,-0.0000,-0.0000,-0.0000,0.0000,2.0588,0.9078,-0.3525,1.0000
1.2345,1.3729,8.5053,-1.8302,-0.0779,-1.1114,27.3560,-4.4479,-2.6337,-0.0000,-0.0000,-0.0000,0.0000,1.8223,-0.2784,-0.0677,1.0000
0.3230,7.2417,6.9004,0.8997,1.5649,1.7648,21.6156,11.1008,7.9529,-0.0000,-0.0000,-0.0000,0.0000,2.6696,1.0093,-0.4818,1.0000
8.1795,2.5172,-1.2884,0.4633,0.2391,-0.1052,7.8339,4.6188,5.5084,-0.0000,-0.0000,-0.0000,1.0000,-1.7512,0.5406,-1.6648,1.0000
7.1484,4.2815,-1.3505,0.2401,0.0073,-0.0300,7.9239,5.1071,2.4170,-0.0000,-0.0000,-0.0000,1.0000,-1.6051,0.6536,-1.7749,1.0000
7.1535,4.3680,-1.0750,-0.1854,-0.0711,-0.0385,10.8551,4.4220,6.1920,-0.0000,-0.0000,-0.0000,1.0000,-1.6444,0.6406,-1.6688,1.0000
6.5795,4.5856,-1.8679,-0.0761,-0.1163,0.1565,12.8784,2.5787,1.9302,-0.0000,-0.0000,-0.0000,1.0000,-1.8566,0.6375,-1.8226,1.0000
7.4960,4.6825,-0.7034,0.0430,0.1398,0.1011,10.7849,3.7949,5.1544,-0.0000,-0.0000,-0.0000,1.0000,-1.7588,0.5959,-1.6606,1.0000
8.0527,3.8041,-0.0828,0.0232,-0.0762,-0.0871,10.8826,2.5421,3.6087,-0.0000,-0.0000,-0.0000,1.0000,-1.8330,0.5272,-1.6089,1.0000
7.4603,4.2919,0.6151,0.0112,0.1537,-0.0372,10.1425,3.8574,6.4896,-0.0000,-0.0000,-0.0000,1.0000,-1.7649,0.5502,-1.4738,1.0000
7.1868,3.8098,0.1249,-0.0213,-0.0986,-0.0402,10.7162,3.1693,3.9642,-0.0000,-0.0000,-0.0000,1.0000,-1.7929,0.5406,-1.5685,1.0000
7.1173,4.7797,-0.0635,-0.0354,0.0757,0.0154,11.5906,3.6575,3.1479,-0.0000,-0.0000,-0.0000,1.0000,-1.7886,0.5586,-1.5738,1.0000
7.0155,4.3915,0.0927,-0.1375,-0.1955,0.1230,13.5925,3.3020,1.0284,-0.0000,-0.0000,-0.0000,1.0000,-1.9604,0.6083,-1.6694,1.0000
6.9284,4.5838,-0.6682,0.0204,0.2432,0.0893,10.8917,1.6785,2.9541,-0.0000,-0.0000,-0.0000,1.0000,-1.9449,0.5088,-1.6284,1.0000
7.9505,3.6657,-0.2456,-0.0096,-0.2002,-0.1233,12.8677,1.7731,5.4825,-0.0000,-0.0000,-0.0000,1.0000,-1.9656,0.5207,-1.6723,1.0000
7.2062,4.9977,-1.2060,0.1212,0.0376,-0.0055,11.4365,3.9780,1.6327,-0.0000,-0.0000,-0.0000,1.0000,-1.9006,0.5959,-1.7096,1.0000
7.3247,4.3277,-0.5115,-0.0716,-0.0790,-0.0338,10.6369,4.2007,2.1317,-0.0000,-0.0000,-0.0000,1.0000,-1.7688,0.5864,-1.6343,1.0000
7.0878,4.8460,-0.9403,-0.0356,-0.0947,0.0305,10.8749,3.8071,2.9007,-0.0000,-0.0000,-0.0000,1.0000,-1.9410,0.6134,-1.7317,1.0000
7.1241,4.5078,-0.6590,0.0308,0.0195,0.0154,10.1700,3.3310,1.3916,-0.0000,-0.0000,-0.0000,1.0000,-1.8812,0.5612,-1.6731,1.0000
7.4181,4.5568,-0.9639,-0.0665,-0.0515,-0.1358,9.5383,2.8503,1.0864,-0.0000,-0.0000,-0.0000,1.0000,-1.8949,0.6049,-1.6940,1.0000
6.7932,5.1941,-0.9846,0.0475,0.0310,0.1211,9.8541,2.4551,2.3819,-0.0000,-0.0000,-0.0000,1.0000,-1.8746,0.6061,-1.7137,1.0000
7.5605,4.4334,-0.8713,-0.0067,-0.0615,-0.0638,9.5337,2.5284,2.6733,-0.0000,-0.0000,-0.0000,1.0000,-1.8617,0.5558,-1.7094,1.0000
6.8908,4.2556,-0.9415,-0.0307,-0.0704,0.0636,10.0189,2.1454,1.5671,-0.0000,-0.0000,-0.0000,1.0000,-1.8708,0.5307,-1.7330,1.0000
7.0206,4.2608,-1.3508,-0.0780,-0.1638,-0.1655,10.3333,3.5751,0.1862,-0.0000,-0.0000,-0.0000,1.0000,-1.8730,0.6055,-1.7558,1.0000
8.2169,4.5807,-0.7278,-0.0047,-0.0291,-0.0052,8.7265,4.0131,2.8397,-0.0000,-0.0000,-0.0000,1.0000,-1.8613,0.5046,-1.6637,1.0000
6.6966,4.0621,-1.4713,-0.1586,0.0580,-0.0911,10.0296,1.3611,0.8347,-0.0000,-0.0000,-0.0000,1.0000,-1.8930,0.5837,-1.7062,1.0000
7.1149,4.0823,-1.0498,-0.0944,0.0254,-0.1367,9.3048,1.8982,1.8555,-0.0000,-0.0000,-0.0000,1.0000,-1.8910,0.5611,-1.6719,1.0000
6.8677,4.6566,-0.9574,-0.0757,-0.0261,-0.1376,11.2762,4.1336,1.5503,-0.0000,-0.0000,-0.0000,1.0000,-1.9177,0.6142,-1.6888,1.0000
7.4686,4.5145,-0.7433,-0.0158,-0.0798,-0.0864,10.2341,4.0314,3.4042,-0.0000,-0.0000,-0.0000,1.0000,-1.8956,0.5647,-1.6906,1.0000
7.4252,4.3850,-0.5662,-0.0167,-0.1244,-0.1555,11.4502,1.8463,2.4384,-0.0000,-0.0000,-0.0000,1.0000,-1.9541,0.5788,-1.6906,1.0000
7.4305,4.1600,-0.6042,-0.0005,-0.0338,-0.0745,10.9619,2.5452,3.4607,-0.0000,-0.0000,-0.0000,1.0000,-1.9446,0.5529,-1.6682,1.0000
6.3513,4.9971,-0.3320,0.6274,-0.1503,-0.8538,14.7339,5.8853,7.8339,-0.0000,-0.0000,-0.0000,1.0000,-1.2351,0.9683,-1.8911,1.0000
7.2587,5.2554,-1.4077,-0.3550,0.2971,0.1464,11.1115,3.5690,3.8895,-0.0000,-0.0000,-0.0000,1.0000,-1.9464,0.6225,-1.6220,1.0000
6.9681,5.4303,-0.4122,0.0526,-0.2356,-0.1915,13.2645,4.7165,0.8331,-0.0000,-0.0000,-0.0000,1.0000,-1.9858,0.7194,-1.7508,1.0000
5.8974,5.6343,-0.7795,0.0481,0.1068,0.2698,11.6791,2.6337,3.3264,-0.0000,-0.0000,-0.0000,1.0000,-1.9979,0.6587,-1.6922,1.0000
7.5822,4.2823,-0.9695,-0.1747,0.1411,-0.1284,12.8632,3.2776,4.0176,-0.0000,-0.0000,-0.0000,1.0000,-1.9786,0.5730,-1.6868,1.0000
7.0188,5.1551,-1.7487,0.0236,-0.1103,-0.0994,11.6806,4.7806,-0.9369,-0.0000,-0.0000,-0.0000,1.0000,-1.9733,0.6423,-1.8447,1.0000
6.1075,4.5554,-1.9897,-0.0363,-0.1518,-0.2013,13.1790,4.3915,2.7191,-0.0000,-0.0000,-0.0000,1.0000,-1.9049,0.6827,-1.8861,1.0000
6.4821,4.5728,-1.9431,-0.0201,0.0329,-0.1258,11.5097,4.2892,2.6794,-0.0000,-0.0000,-0.0000,1.0000,-1.8737,0.6462,-1.8226,1.0000
7.0609,4.5651,-0.8562,-0.0239,0.0695,-0.0751,10.2158,5.9174,4.4846,-0.0000,-0.0000,-0.0000,1.0000,-1.7669,0.5785,-1.6699,1.0000
6.4124,5.2035,-1.1580,0.0016,-0.2401,-0.0393,12.1521,4.3045,1.3428,-0.0000,-0.0000,-0.0000,1.0000,-1.8532,0.6686,-1.7951,1.0000
6.0750,5.2625,-1.7391,-0.0987,-0.1192,0.0257,12.3779,5.8029,1.4603,-0.0000,-0.0000,-0.0000,1.0000,-1.9434,0.6753,-1.8607,1.0000
5.9177,4.9751,0.1676,-2.5337,-0.7976,-0.5415,23.0377,7.6187,-1.0941,-0.0000,-0.0000,-0.0000,0.0000,2.1859,0.8397,-0.5849,1.0000
2.2434,5.3356,5.4461,0.3671,0.1707,-0.8984,21.5820,7.4936,4.2847,-0.0000,-0.0000,-0.0000,0.0000,1.5122,1.0239,-0.1624,1.0000
-0.2582,6.5815,5.3995,0.0526,-0.0185,-0.0417,27.4399,2.3849,2.0065,-0.0000,-0.0000,-0.0000,0.0000,1.5351,0.9467,-0.0376,1.0000
-0.4297,6.2275,6.0218,-0.0537,-0.0025,0.0175,27.9083,3.7323,1.6846,-0.0000,-0.0000,-0.0000,0.0000,1.5106,0.9317,0.0128,1.0000
-1.4226,6.0163,6.7638,0.0545,0.7581,1.5066,25.5585,-4.8386,8.2306,-0.0000,-0.0000,-0.0000,0.0000,2.1680,0.7030,-0.0902,1.0000
-4.2709,2.8265,6.5643,-0.1049,-0.7554,0.0676,35.6735,-9.6100,13.7955,-0.0000,-0.0000,-0.0000,0.0000,1.8046,0.3738,0.2856,1.0000
-0.9038,2.4329,9.0547,-0.0514,-0.0715,0.0071,37.2787,-17.4347,6.9672,-0.0000,-0.0000,-0.0000,0.0000,1.9230,0.2867,0.0683,1.0000
-2.4881,3.6342,8.3679,0.0385,0.2751,0.3376,24.3637,-27.1713,11.9934,-0.0000,-0.0000,-0.0000,0.0000,2.3072,0.4228,0.1438,1.0000
-2.6367,3.8267,8.0666,-0.0401,0.2018,0.2579,10.0494,-30.6198,16.0736,-0.0000,-0.0000,-0.0000,0.0000,2.7277,0.5084,0.2627,1.0000
-0.6991,0.4199,9.7322,-0.2091,0.2758,-0.1991,9.1476,-24.8611,12.0712,-0.0000,-0.0000,-0.0000,0.0000,2.7081,0.4547,0.2803,1.0000
-1.0014,6.9378,5.0419,0.2910,-0.2626,0.6066,6.0638,2.1118,30.8594,-0.0000,-0.0000,-0.0000,0.0000,2.6640,1.0016,-0.2931,1.0000
2.4239,6.8017,4.8071,0.0291,0.1013,0.1699,-4.0253,1.9073,27.8259,-0.0000,-0.0000,-0.0000,0.0000,3.0298,0.8818,-0.3165,1.0000
3.3237,6.3213,5.1613,0.1433,0.0429,0.0088,-1.5549,-7.4249,25.8682,-0.0000,-0.0000,-0.0000,0.0000,-2.8703,0.8233,-0.4239,1.0000
3.0765,6.3362,4.5053,-0.0033,0.1213,0.0427,-9.3262,-6.1584,35.1837,-0.0000,-0.0000,-0.0000,0.0000,-2.6618,0.8468,-0.4282,1.0000
2.0763,5.9329,6.8639,0.4716,1.0783,0.0410,-34.3033,1.6785,20.7413,-0.0000,-0.0000,-0.0000,0.0000,-2.0222,0.8415,0.0585,1.0000
2.5596,5.4409,3.3823,-0.2033,0.4560,-0.8398,-26.6754,-8.0719,22.1588,-0.0000,-0.0000,-0.0000,0.0000,-2.4455,0.9108,0.1237,1.0000
2.6810,8.0824,4.5665,0.8754,-1.2523,-1.0545,-7.3303,0.1495,39.9628,-0.0000,-0.0000,-0.0000,0.0000,-2.8866,1.1573,-0.0910,1.0000
2.7797,6.6291,2.5614,-0.3401,-0.6216,-0.3559,18.4341,-10.7010,44.2780,-0.0000,-0.0000,-0.0000,0.0000,-2.9966,1.2267,-0.5209,1.0000
0.1115,7.5718,3.8372,-0.2076,0.1158,-0.1921,14.2685,-19.3619,30.6320,-0.0000,-0.0000,-0.0000,0.0000,2.8313,1.0007,-0.0993,1.0000
1.9867,6.4360,5.0917,-0.4756,0.3326,-0.0116,-16.5115,-15.4938,22.0047,-0.0000,-0.0000,-0.0000,0.0000,-2.5640,0.7836,-0.1386,1.0000
-0.1761,5.0781,7.2441,0.1248,-0.2185,0.0514,-18.0435,-5.3711,26.2955,-0.0000,-0.0000,-0.0000,0.0000,-2.3908,0.8920,-0.1236,1.0000
-0.8039,7.0214,5.3311,-0.0444,-0.0575,0.0644,-16.7862,-11.8011,23.4070,-0.0000,-0.0000,-0.0000,0.0000,-2.6073,0.9553,0.0360,1.0000
-0.4320,7.2612,4.3422,-0.0054,0.0361,0.0851,-15.7028,-8.4030,24.2523,-0.0000,-0.0000,-0.0000,0.0000,-2.6402,1.0097,0.0644,1.0000
-0.1685,7.3805,4.4411,0.0074,0.0177,0.0107,-15.7730,-9.2667,23.5947,-0.0000,-0.0000,-0.0000,0.0000,-2.6821,1.0166,0.1080,1.0000
4.2960,-0.6866,4.7633,-0.9094,-0.1595,-1.1470,6.3263,39.5416,-3.0762,-0.0000,-0.0000,-0.0000,0.0000,-0.2397,0.4451,-0.9767,1.0000
1.3349,5.3043,6.4915,0.0093,-0.2217,-0.1188,-32.2113,6.0196,8.5068,-0.0000,-0.0000,-0.0000,0.0000,-1.4843,0.7946,-0.2183,1.0000
1.1560,5.8174,6.6528,0.0965,-0.1071,-0.0566,-30.4489,3.2776,10.3500,-0.0000,-0.0000,-0.0000,0.0000,-1.5817,0.7999,-0.2324,1.0000
0.9807,6.5751,5.3580,-0.0267,-0.0443,0.0810,-30.0659,4.6173,11.3037,-0.0000,-0.0000,-0.0000,0.0000,-1.5802,0.7940,-0.2554,1.0000
0.9018,6.5457,5.5718,-0.2894,0.0103,0.1415,-31.1035,4.5212,12.0316,-0.0000,-0.0000,-0.0000,0.0000,-1.5585,0.7744,-0.2750,1.0000
1.6377,6.2324,6.1174,-0.0799,-0.0044,0.0474,-30.7861,4.3655,12.5687,-0.0000,-0.0000,-0.0000,0.0000,-1.5621,0.7980,-0.2767,1.0000
1.9608,5.8542,6.1788,-0.0829,-0.0234,0.0141,-32.2174,3.7109,13.5269,-0.0000,-0.0000,-0.0000,0.0000,-1.5944,0.7794,-0.2847,1.0000
0.8666,5.7903,6.5345,-0.1040,-0.0383,0.0631,-30.2765,0.4333,12.3062,-0.0000,-0.0000,-0.0000,0.0000,-1.6462,0.7468,-0.2388,1.0000
1.1608,6.1107,5.9171,-0.0516,-0.0114,0.0082,-31.0883,1.0422,14.5248,-0.0000,-0.0000,-0.0000,0.0000,-1.6647,0.7596,-0.2560,1.0000
1.0753,6.1639,5.8591,-0.0721,-0.0125,0.0231,-30.0461,-0.0473,14.7293,-0.0000,-0.0000,-0.0000,0.0000,-1.6769,0.7682,-0.2498,1.0000
1.1991,6.1483,5.7191,-0.0139,0.0037,-0.0221,-29.7195,-1.3046,15.0696,-0.0000,-0.0000,-0.0000,0.0000,-1.7194,0.7791,-0.2357,1.0000
1.3972,5.9496,5.9590,0.0040,-0.0278,-0.0351,-30.2826,-0.5264,15.4114,-0.0000,-0.0000,-0.0000,0.0000,-1.7577,0.7591,-0.2318,1.0000
0.9468,5.5093,6.8118,0.1246,-0.0338,-0.0528,-27.7374,-0.6500,15.6296,-0.0000,-0.0000,-0.0000,0.0000,-1.7857,0.7513,-0.2111,1.0000
0.9393,5.1990,6.7944,-0.1865,0.0282,0.1085,-26.1246,-3.8620,16.4291,-0.0000,-0.0000,-0.0000,0.0000,-1.8537,0.6918,-0.1858,1.0000
3.6994,4.8454,7.3675,0.2305,-0.1501,-0.0892,-12.5290,-7.0969,23.9990,-0.0000,-0.0000,-0.0000,0.0000,-2.2019,0.5622,-0.5654,1.0000
4.3031,5.9474,3.8676,-1.4373,-0.3127,0.3077,7.6202,-8.9386,22.8333,-0.0000,-0.0000,-0.0000,0.0000,-2.6622,0.5452,-0.7647,1.0000
0.2381,-1.2131,10.0868,1.7025,-0.1020,-0.4812,9.1278,-12.3352,12.2818,-0.0000,-0.0000,-0.0000,0.0000,-3.1113,0.2445,-0.3107,1.0000
2.0356,4.4238,8.1383,0.9444,-2.4328,-0.5328,21.9803,-2.2659,3.2623,-0.0000,-0.0000,-0.0000,0.0000,2.9527,0.8310,-0.9962,1.0000
1.6962,0.6587,9.7325,0.7825,-0.3304,0.0161,24.3973,-2.8366,-2.1500,-0.0000,-0.0000,-0.0000,0.0000,2.2526,0.1981,-0.3468,1.0000
0.8394,4.3335,6.9780,0.1133,-0.1989,0.0499,23.9273,2.0065,5.2353,-0.0000,-0.0000,-0.0000,0.0000,2.2047,0.6306,-0.3997,1.0000
0.5452,5.6167,7.0043,0.0153,-0.1256,0.1377,23.4360,7.1487,-0.5447,-0.0000,-0.0000,-0.0000,0.0000,1.8799,0.6906,-0.3622,1.0000
1.0213,5.6017,6.5229,-0.0275,-0.0221,-0.1316,21.8353,8.1482,-0.0854,-0.0000,-0.0000,-0.0000,0.0000,1.6995,0.7397,-0.3068,1.0000
1.7333,5.6423,6.4369,-0.1091,-0.2262,-0.0387,20.4865,8.8486,-2.2415,-0.0000,-0.0000,-0.0000,0.0000,1.5167,0.7047,-0.3283,1.0000
2.4892,5.5442,5.9459,-0.1696,-0.4207,-0.3877,19.3512,16.1972,-10.0479,-0.0000,-0.0000,-0.0000,0.0000,1.0569,0.7268,-0.3814,1.0000
3.1339,5.1856,6.6170,0.0204,-0.1719,-0.3715,19.1666,23.3154,-16.6214,-0.0000,-0.0000,-0.0000,0.0000,0.8214,0.7419,-0.4178,1.0000
3.1398,5.0954,6.4823,-0.0898,-0.3361,-0.3949,10.0525,33.2291,-23.5687,-0.0000,-0.0000,-0.0000,0.0000,0.4255,0.7155,-0.4384,1.0000
1.8445,5.6115,6.0363,-0.1270,-0.1007,-0.0913,1.2726,39.4318,-28.0090,-0.0000,-0.0000,-0.0000,0.0000,0.1121,0.7247,-0.3967,1.0000
1.7795,6.1534,6.2697,0.0564,-0.4020,-0.1471,12.8311,36.2793,-27.5589,-0.0000,-0.0000,-0.0000,0.0000,0.3225,0.7890,-0.4150,1.0000
1.5565,6.1322,5.9547,-0.0352,-0.1048,-0.1461,12.0667,40.9058,-25.0641,-0.0000,-0.0000,-0.0000,0.0000,0.2739,0.7177,-0.2999,1.0000
2.1431,6.2180,5.7722,-0.0738,0.2949,0.0968,8.8974,40.7959,-27.5482,-0.0000,-0.0000,-0.0000,0.0000,0.2918,0.7499,-0.3588,1.0000
1.4131,6.3404,5.9651,1.1939,-0.7827,-0.2432,4.7089,39.4150,-31.3034,-0.0000,-0.0000,-0.0000,0.0000,0.2902,1.0756,-0.5316,1.0000
0.8913,7.0616,5.4938,0.2982,0.2039,0.2283,9.1049,37.8296,-32.8812,-0.0000,-0.0000,-0.0000,0.0000,0.4008,0.8713,-0.3637,1.0000
0.9691,7.0781,5.4861,0.0982,0.1411,0.1511,11.5692,37.7029,-32.2876,-0.0000,-0.0000,-0.0000,0.0000,0.4755,0.8718,-0.3548,1.0000
1.0181,5.7532,3.0021,-0.0267,0.7193,0.1458,1.7532,43.8889,-36.4532,-0.0000,-0.0000,-0.0000,0.0000,0.5705,0.9098,-0.4986,1.0000
1.1969,6.3232,6.4082,0.5388,0.1993,0.4673,16.8884,36.0977,-27.2247,-0.0000,-0.0000,-0.0000,0.0000,0.7326,0.8484,-0.3796,1.0000
2.9611,5.2042,6.7983,0.0598,-0.2626,0.0527,16.9083,33.8150,-27.3926,-0.0000,-0.0000,-0.0000,0.0000,0.6807,0.7580,-0.4578,1.0000
4.4066,3.7807,7.9390,-0.2263,-0.5257,-0.5283,7.7896,41.8198,-30.7602,-0.0000,-0.0000,-0.0000,0.0000,0.2051,0.6726,-0.4908,1.0000
2.9507,4.9339,6.5848,-0.2120,-0.3920,-0.4714,-20.8298,47.1588,-27.4918,-0.0000,-0.0000,-0.0000,0.0000,-0.4005,0.6856,-0.4876,1.0000
-0.0252,5.4228,6.8827,-0.9196,-0.0728,-0.9693,-44.1513,22.1283,-17.6880,-0.0000,-0.0000,-0.0000,0.0000,-1.3668,0.7372,-0.0793,1.0000
-1.7246,6.3547,6.4560,0.0820,0.2046,0.0487,-54.4876,15.6357,-7.9422,-0.0000,-0.0000,-0.0000,0.0000,-1.4391,0.9197,-0.1274,1.0000
-0.1446,5.6628,6.0119,0.2345,0.0695,0.1705,-50.5127,20.6116,1.2817,-0.0000,-0.0000,-0.0000,0.0000,-1.2111,0.8719,-0.4477,1.0000
2.8843,4.8815,5.5504,-0.2065,-0.0485,-0.0498,-48.0423,32.3227,-2.1057,-0.0000,-0.0000,-0.0000,0.0000,-0.9519,0.7044,-0.4871,1.0000
3.1481,5.3256,5.4431,-0.0682,0.0248,-0.1015,-48.6969,33.0109,0.4913,-0.0000,-0.0000,-0.0000,0.0000,-0.9291,0.7193,-0.4929,1.0000
2.8999,5.1901,6.3823,-0.1569,-0.0790,-0.1395,-46.9528,35.6491,-2.6886,-0.0000,-0.0000,-0.0000,0.0000,-0.8741,0.6767,-0.4046,1.0000
2.0824,5.4345,6.4554,0.3212,1.4337,1.0979,-34.9503,42.6346,-11.8774,-0.0000,-0.0000,-0.0000,0.0000,-0.5867,0.6511,-0.2768,1.0000
2.3389,4.7538,6.7626,0.1018,0.0367,-0.0176,-30.3604,43.7057,-8.3298,-0.0000,-0.0000,-0.0000,0.0000,-0.5490,0.5711,-0.2985,1.0000
1.6141,5.8080,6.4691,0.6231,-1.2122,-0.9354,-43.6234,31.5536,-10.0174,-0.0000,-0.0000,-0.0000,0.0000,-0.8874,0.8828,-0.3563,1.0000
1.4199,6.2843,5.3978,-0.1078,0.0836,-0.0193,-39.0167,34.5490,-13.5834,-0.0000,-0.0000,-0.0000,0.0000,-0.7621,0.8234,-0.2560,1.0000
1.2284,8.4283,8.6046,0.1416,-0.0381,0.0094,-39.8788,24.3073,-16.0538,-0.0000,-0.0000,-0.0000,0.0000,-0.8386,0.8042,-0.2882,1.0000
1.5893,6.3473,5.6469,-0.0465,-0.0988,-0.0070,-39.9628,22.7921,-12.4847,-0.0000,-0.0000,-0.0000,0.0000,-0.8565,0.8083,-0.3197,1.0000
1.6732,6.2627,5.5450,0.0266,-0.0636,-0.1035,-41.0004,21.3455,-9.4681,-0.0000,-0.0000,-0.0000,0.0000,-0.9143,0.8115,-0.3241,1.0000
1.4423,6.6781,5.0882,0.1297,-0.0430,-0.1399,-40.4419,20.0043,-7.5409,-0.0000,-0.0000,-0.0000,0.0000,-0.9759,0.8685,-0.3237,1.0000
1.3795,6.4396,5.2408,-0.0407,0.0041,0.0011,-41.1591,19.6762,-6.9489,-0.0000,-0.0000,-0.0000,0.0000,-0.9275,0.8325,-0.3454,1.0000
1.9007,6.4767,5.5873,-0.0107,-0.0306,-0.0272,-40.7486,17.7078,-5.9875,-0.0000,-0.0000,-0.0000,0.0000,-0.9639,0.8465,-0.3344,1.0000
2.2535,6.4277,5.9701,-0.4078,-0.9778,-0.9495,-43.5654,15.0162,5.2841,-0.0000,-0.0000,-0.0000,0.0000,-1.3199,0.8696,-0.3931,1.0000
-4.2971,5.5731,5.2210,-0.1066,-0.0232,-0.1035,-46.2723,-16.0706,6.6727,-0.0000,-0.0000,-0.0000,0.0000,-2.1837,0.7454,0.3327,1.0000
-2.6701,6.1157,6.1766,0.1962,0.1650,-0.2317,-47.5449,-16.0095,6.5628,-0.0000,-0.0000,-0.0000,0.0000,-2.2007,0.7967,0.3802,1.0000
-4.0415,6.2696,4.5201,0.1161,-0.1045,-0.0261,-48.9029,-15.4785,6.9656,-0.0000,-0.0000,-0.0000,0.0000,-2.3139,0.8545,0.5191,1.0000
1.8169,6.5592,6.8821,0.4197,-0.0129,0.2291,-44.8685,17.9855,6.7551,-0.0000,-0.0000,-0.0000,0.0000,-1.1461,0.9086,-0.3172,1.0000
3.2271,6.6807,5.0448,0.1666,-0.1574,-0.0698,-41.6748,26.6174,6.8451,-0.0000,-0.0000,-0.0000,0.0000,-0.9131,0.9650,-0.5947,1.0000
3.6329,6.7953,3.1469,-0.1520,0.0069,-0.0911,-42.0898,28.4210,7.5409,-0.0000,-0.0000,-0.0000,0.0000,-0.8700,0.9729,-0.6379,1.0000
3.0663,6.9648,3.7834,-0.0035,-0.0082,0.1592,-40.9683,25.5051,10.8749,-0.0000,-0.0000,-0.0000,0.0000,-0.9151,0.9467,-0.6796,1.0000
3.7362,6.5484,3.9613,-0.1196,-0.1919,-0.1631,-37.8677,22.6074,16.2140,-0.0000,-0.0000,-0.0000,0.0000,-1.1315,0.9084,-0.6626,1.0000
0.8497,7.0092,3.4084,-0.3989,-0.5786,0.0233,-39.1296,19.1071,19.6533,-0.0000,-0.0000,-0.0000,0.0000,-1.5095,0.9147,-0.5016,1.0000
8.0412,0.7191,0.9043,-0.0932,0.0966,-0.4352,-5.0659,31.9809,29.9744,-0.0000,-0.0000,-0.0000,0.0000,-1.3579,0.6910,-1.0514,1.0000
-0.1874,0.9174,8.4042,0.5927,-0.4243,4.2064,20.6207,32.4875,-2.3819,-0.0000,-0.0000,-0.0000,0.0000,0.6558,-0.0151,-0.7510,1.0000
6.2479,-4.6551,6.1490,0.2673,-0.2903,0.6765,25.7019,27.3071,-8.3618,-0.0000,-0.0000,-0.0000,0.0000,0.7195,-0.3213,-0.9425,1.0000
3.0288,-4.4514,6.8805,4.4255,-0.0236,0.8736,38.8962,-17.0685,0.6851,-0.0000,-0.0000,-0.0000,0.0000,1.9982,0.1485,-0.2316,1.0000
-0.7832,-0.3220,10.0504,0.5183,0.2802,0.6139,-3.9963,-25.6973,16.9434,-0.0000,-0.0000,-0.0000,0.0000,-3.0683,0.3215,0.1154,1.0000