be040bd0-3dd9-4f49-a9bc-5b42c1ebbed8,DS,1659772582711
Accelerometer x,Accelerometer y,Accelerometer z,Gyroscope x,Gyroscope y,Gyroscope z,Magnetometer x,Magnetometer y,Magnetometer z,GPS-Longitude,GPS-Latitude,GPS-Speed,Proximity_ON/OFF,Orientation yaw,Orientation pitch,Orientation roll,Screen
-1.3140,5.6529,6.6715,-0.0322,0.0086,-0.0140,-22.2076,-15.7181,13.5117,-0.0000,-0.0000,-0.0000,0.0000,-2.3348,0.6650,0.1714,1.0000
3.6494,3.8202,8.6308,-0.4272,1.2978,0.6769,-14.9399,-20.5109,15.6235,-0.0000,-0.0000,-0.0000,0.0000,-2.2248,0.2803,-0.2149,1.0000
1.1827,3.5375,8.3781,-0.0088,0.0512,0.0088,-20.9244,-17.9138,15.1794,-0.0000,-0.0000,-0.0000,0.0000,-2.2464,0.4213,-0.1254,1.0000
1.0973,3.6228,8.4704,0.2706,-0.1746,-0.5426,-17.9062,-18.1137,16.6153,-0.0000,-0.0000,-0.0000,0.0000,-2.4454,0.5063,-0.0914,1.0000
-1.1262,3.7946,8.7424,0.4589,-0.0186,-0.1812,-16.8015,-22.0779,8.2489,-0.0000,-0.0000,-0.0000,0.0000,-2.6077,0.4535,0.1611,1.0000
-1.4838,3.9763,8.2946,-0.0622,-0.0167,-0.0008,-21.1655,-22.2061,5.8090,-0.0000,-0.0000,-0.0000,0.0000,-2.4913,0.4124,0.1721,1.0000
-1.5278,3.6569,8.6201,-0.0443,0.1350,0.0452,-21.9650,-20.7123,3.9459,-0.0000,-0.0000,-0.0000,0.0000,-2.4561,0.4023,0.1990,1.0000
-1.4488,3.5372,8.3747,-0.0597,-0.0284,0.0278,-22.0551,-20.0104,5.2795,-0.0000,-0.0000,-0.0000,0.0000,-2.3985,0.4112,0.1465,1.0000
-1.0886,3.6271,8.4002,-0.0081,-0.0014,-0.0006,-21.3486,-19.0567,5.4993,-0.0000,-0.0000,-0.0000,0.0000,-2.3774,0.4089,0.1261,1.0000
-1.7841,3.9012,7.9921,0.1530,0.0434,-0.2820,-19.2719,-19.9738,5.5756,-0.0000,-0.0000,-0.0000,0.0000,-2.5319,0.4844,0.2326,1.0000
-4.5461,2.9530,7.4198,-0.1796,0.0344,0.1524,0.0473,-27.7374,4.5364,-0.0000,-0.0000,-0.0000,0.0000,-3.1321,0.3757,0.3701,1.0000
-3.8450,3.4409,8.0010,0.0950,0.0796,0.2500,-4.1748,-26.6083,3.6484,-0.0000,-0.0000,-0.0000,0.0000,-2.9765,0.4094,0.3827,1.0000
0.9164,4.4008,8.4519,-0.2005,-1.0470,-0.2362,-17.9657,-17.8558,11.7950,-0.0000,-0.0000,-0.0000,0.0000,-2.4044,0.4703,-0.1732,1.0000
1.5732,5.8336,6.4530,-0.0128,0.0519,0.0031,-24.3942,-3.9551,19.0247,-0.0000,-0.0000,-0.0000,0.0000,-1.9860,0.7220,-0.1484,1.0000
2.1103,5.3929,6.7874,-0.0439,-0.1009,0.0075,-23.4283,-5.4398,19.3878,-0.0000,-0.0000,-0.0000,0.0000,-1.9873,0.6869,-0.2014,1.0000
1.5624,5.4315,6.6662,0.0206,-0.0031,0.0011,-24.4507,-6.8710,19.0964,-0.0000,-0.0000,-0.0000,0.0000,-2.0387,0.6945,-0.1856,1.0000
1.6762,5.4700,6.6760,0.0339,0.0327,0.0048,-24.2889,-6.7078,18.2693,-0.0000,-0.0000,-0.0000,0.0000,-2.0340,0.6961,-0.1939,1.0000
1.7683,5.4677,6.5999,-0.0013,-0.0253,0.0054,-23.2529,-6.8512,18.1488,-0.0000,-0.0000,-0.0000,0.0000,-2.0134,0.6804,-0.2526,1.0000
1.8073,5.5011,6.5348,0.0036,0.0014,-0.0266,-22.4625,-7.0023,19.3756,-0.0000,-0.0000,-0.0000,0.0000,-2.0153,0.6771,-0.2697,1.0000
1.9211,5.4458,6.5694,-0.0094,-0.0152,0.0075,-24.2157,-6.0776,18.4814,-0.0000,-0.0000,-0.0000,0.0000,-2.0073,0.6697,-0.2876,1.0000
2.0178,5.4589,6.5521,0.0123,0.0050,-0.0016,-22.3053,-7.0816,20.0592,-0.0000,-0.0000,-0.0000,0.0000,-2.0152,0.6725,-0.2950,1.0000
1.9771,5.5164,6.4671,0.0032,-0.0267,0.0052,-21.4325,-6.5170,19.7662,-0.0000,-0.0000,-0.0000,0.0000,-2.0143,0.6828,-0.3028,1.0000
2.0746,5.5284,6.4402,0.0096,-0.0127,0.0118,-21.7453,-7.2296,19.5511,-0.0000,-0.0000,-0.0000,0.0000,-2.0171,0.6853,-0.3097,1.0000
2.1656,5.5840,6.2792,0.0238,-0.0640,0.0350,-20.8191,-5.3406,22.5342,-0.0000,-0.0000,-0.0000,0.0000,-2.0133,0.6923,-0.3311,1.0000
2.4087,5.5151,6.3310,-0.0141,-0.0142,0.0052,-21.3638,-5.8914,20.9549,-0.0000,-0.0000,-0.0000,0.0000,-2.0061,0.6832,-0.3549,1.0000
2.4354,5.5141,6.3448,0.0032,0.0037,-0.0050,-20.4056,-6.3507,20.9152,-0.0000,-0.0000,-0.0000,0.0000,-1.9948,0.6868,-0.3586,1.0000
2.1965,5.3887,6.5896,0.0047,-0.0500,0.0154,-22.0795,-5.1865,19.7922,-0.0000,-0.0000,-0.0000,0.0000,-2.0086,0.6587,-0.3131,1.0000
2.2594,5.4268,6.4698,0.0187,-0.0003,0.0050,-22.3114,-6.6132,20.6482,-0.0000,-0.0000,-0.0000,0.0000,-1.9839,0.6703,-0.3344,1.0000
2.1654,5.4433,6.4673,0.0074,0.0056,-0.0266,-21.0419,-6.7566,21.4355,-0.0000,-0.0000,-0.0000,0.0000,-2.0110,0.6742,-0.3227,1.0000
1.6216,5.5810,6.4377,0.0032,0.1642,-0.0157,-22.2305,-6.0532,19.2825,-0.0000,-0.0000,-0.0000,0.0000,-2.0138,0.6867,-0.2614,1.0000
2.0759,5.2381,5.9425,0.1287,-0.0044,0.2214,-22.5052,-2.8381,21.7514,-0.0000,-0.0000,-0.0000,0.0000,-1.9343,0.6919,-0.3299,1.0000
-1.9630,2.1324,10.4335,-2.2590,1.2377,-1.5569,-9.3246,-20.7047,-10.6140,-0.0000,-0.0000,-0.0000,0.0000,-2.4203,0.2077,0.2998,1.0000
-1.3625,3.9940,3.6505,0.6890,0.4716,-0.0941,-29.4449,-3.5873,9.7153,-0.0000,-0.0000,-0.0000,0.0000,-2.3123,0.6495,0.1032,1.0000
0.2984,3.0191,9.1521,-0.0850,-0.0866,-0.0869,-19.5251,-18.9575,6.8222,-0.0000,-0.0000,-0.0000,0.0000,-2.4863,0.3368,-0.0684,1.0000
-0.3318,2.2164,9.3558,-0.1628,-0.0180,-0.0135,-21.8094,-18.2510,0.6561,-0.0000,-0.0000,-0.0000,0.0000,-2.3979,0.2555,-0.0125,1.0000
-0.5105,3.3208,8.5489,0.0104,0.1039,0.1537,-21.7407,-18.1030,2.7603,-0.0000,-0.0000,-0.0000,0.0000,-2.3744,0.3530,0.0520,1.0000
-2.4229,4.6582,8.4812,0.0151,0.4234,0.0480,-27.8152,-13.3713,0.6805,-0.0000,-0.0000,-0.0000,0.0000,-2.3389,0.4596,0.3666,1.0000
-6.3738,5.6156,2.6774,-0.0186,-0.2962,0.4381,-25.4166,-13.8824,16.0904,-0.0000,-0.0000,-0.0000,0.0000,-3.0161,0.7267,0.6876,1.0000
-2.7869,6.7534,4.7196,-0.4178,0.1526,0.2721,-27.9541,-4.9362,16.2521,-0.0000,-0.0000,-0.0000,0.0000,-2.7601,0.7960,0.5670,1.0000
-1.5685,4.6714,7.7343,2.0287,-3.5150,-3.1352,30.3970,1.2299,16.3132,-0.0000,-0.0000,-0.0000,0.0000,1.9961,0.8811,0.4225,1.0000
-2.2039,8.0176,4.0210,-0.2629,-0.0261,0.0793,43.9621,2.1729,-10.3516,-0.0000,-0.0000,-0.0000,0.0000,1.1217,1.1702,0.4191,1.0000
-4.8305,6.6603,-0.1896,1.1247,0.3787,-1.2343,54.3091,19.0765,-5.6992,-0.0000,-0.0000,-0.0000,0.0000,-0.2731,0.9267,1.8283,1.0000
-4.5335,6.6256,-1.7437,1.2615,0.1405,-0.4222,57.0450,46.5408,-7.2968,-0.0000,-0.0000,-0.0000,0.0000,-0.5353,0.8803,2.0924,1.0000
-7.3825,2.6700,-5.6535,-0.5211,0.1980,0.7110,34.6481,62.3886,-25.4074,-0.0000,-0.0000,-0.0000,0.0000,-0.3960,0.5604,2.2681,1.0000
-1.4616,-1.6987,-9.5508,0.9336,3.0962,-1.8124,52.6978,55.8792,-12.0026,-0.0000,-0.0000,-0.0000,0.0000,-0.1553,0.4781,2.4689,1.0000
-4.0690,5.4586,-7.3110,0.5955,-0.7831,-0.0817,58.1924,36.1069,20.0577,-0.0000,-0.0000,-0.0000,0.0000,-0.4341,0.8524,2.4204,1.0000
-5.1909,3.1738,-6.7157,0.7510,0.0983,-0.4908,47.0734,54.7928,1.4862,-0.0000,-0.0000,-0.0000,0.0000,-0.3907,0.5555,2.3681,1.0000
-5.9722,4.0103,-6.1885,0.1295,0.1049,-0.2045,42.7658,59.5642,-4.0054,-0.0000,-0.0000,-0.0000,0.0000,-0.3713,0.4749,2.3694,1.0000
-3.7887,5.5108,5.0997,-3.9281,2.3825,1.8713,-36.9568,-19.2917,26.2299,-0.0000,-0.0000,-0.0000,0.0000,-2.7389,0.7736,0.2165,1.0000
-0.1740,4.0210,8.0224,0.5115,-0.5438,-0.8219,-33.3908,-8.3755,10.9375,-0.0000,-0.0000,-0.0000,0.0000,-2.2512,0.7324,-0.1133,1.0000
0.8933,4.8982,7.0954,0.0997,0.2200,-0.0462,-30.7465,-11.4944,11.7599,-0.0000,-0.0000,-0.0000,0.0000,-2.2865,0.6396,-0.0706,1.0000
-2.0949,3.8562,7.5109,-0.7555,0.9895,0.8438,-37.0102,-7.9865,1.2878,-0.0000,-0.0000,-0.0000,0.0000,-2.0743,0.5600,0.1259,1.0000
0.0863,3.5855,9.1121,-0.1941,0.4377,-0.1337,-34.9335,-10.4111,3.6575,-0.0000,-0.0000,-0.0000,0.0000,-2.0390,0.4593,0.0441,1.0000
-3.0985,6.9965,3.5235,-0.1072,0.2097,0.1535,2.1591,-9.0088,83.2031,-0.0000,-0.0000,-0.0000,0.0000,2.4919,1.1525,0.7925,1.0000
-2.5494,7.8299,3.7554,-0.1675,0.0672,0.1194,-6.0257,-15.9424,75.8759,-0.0000,-0.0000,-0.0000,0.0000,2.7302,1.1683,0.5486,1.0000
-1.4000,8.2470,1.8016,0.1089,-0.0210,0.0348,-10.2859,-9.2148,73.6435,-0.0000,-0.0000,-0.0000,0.0000,2.7366,1.2665,0.6044,1.0000
-1.5949,8.1351,1.7426,0.0292,0.0798,-0.0881,-7.2739,-7.9941,74.0662,-0.0000,-0.0000,-0.0000,0.0000,2.6483,1.2451,0.6465,1.0000
-2.0697,7.8610,2.9010,0.2527,-0.1902,0.0795,9.2285,-3.2043,76.1719,-0.0000,-0.0000,-0.0000,0.0000,2.4715,1.2453,0.5807,1.0000
-1.5593,8.0302,1.7749,-0.2190,0.0645,-0.0815,15.8112,8.6197,77.5482,-0.0000,-0.0000,-0.0000,0.0000,2.2159,1.2860,0.7406,1.0000
-2.8555,8.4658,3.3408,-0.5452,-0.3653,-0.1218,36.9949,-6.6269,47.8775,-0.0000,-0.0000,-0.0000,0.0000,2.0725,1.1340,0.4680,1.0000
5.0739,4.8016,7.3874,-0.3320,0.5089,0.4801,13.9572,-73.8525,17.1021,-0.0000,-0.0000,-0.0000,0.0000,3.0456,0.7814,-0.2824,1.0000
1.7905,7.2713,4.9235,1.2084,-1.1154,-1.3153,43.8828,-60.1624,25.9445,-0.0000,-0.0000,-0.0000,0.0000,2.8398,1.1339,-0.5553,1.0000
1.5360,8.3445,4.4337,0.5433,0.0515,1.0762,-10.3699,-34.6313,66.2354,-0.0000,-0.0000,-0.0000,0.0000,-2.3563,1.1824,-0.7440,1.0000
5.7381,6.3771,3.6759,0.0471,-0.1162,0.1799,-37.0651,-15.8264,43.3548,-0.0000,-0.0000,-0.0000,0.0000,-1.7281,0.9562,-0.9348,1.0000
-0.7920,8.6837,4.4964,0.5516,0.2296,-0.1672,15.3915,-31.8253,65.0970,-0.0000,-0.0000,-0.0000,0.0000,3.0980,1.2408,0.1577,1.0000
-0.0596,8.3837,-0.4216,0.0447,0.1124,0.1776,36.2366,10.8688,61.7004,-0.0000,-0.0000,-0.0000,0.0000,1.6314,1.5568,1.2477,1.0000
1.5642,7.9828,3.5251,-0.3207,-0.2965,0.2089,19.9112,-30.8228,32.7118,-0.0000,-0.0000,-0.0000,0.0000,2.7669,1.0359,-0.1319,1.0000
-1.2104,7.0314,6.3467,-0.0409,-0.1043,-0.1893,20.7108,-31.4438,32.8979,-0.0000,-0.0000,-0.0000,0.0000,2.4183,0.9045,0.1289,1.0000
-1.4467,6.9384,4.7689,0.1306,-0.0338,-0.0359,20.9946,-28.1387,34.5505,-0.0000,-0.0000,-0.0000,0.0000,2.4255,0.9558,0.1867,1.0000
-1.4124,6.9441,5.0657,0.2535,-0.2087,0.0265,20.6070,-28.2135,32.5882,-0.0000,-0.0000,-0.0000,0.0000,2.4600,0.9982,0.1752,1.0000
-1.8943,7.7677,2.4318,0.9370,0.5543,0.5970,-41.1926,-22.1481,34.9136,-0.0000,-0.0000,-0.0000,0.0000,-2.9350,1.2653,0.8689,1.0000
-2.7970,8.1309,1.2607,-0.0298,-0.2747,-0.1563,-18.9987,13.0951,61.6577,-0.0000,-0.0000,-0.0000,0.0000,2.0628,1.3462,1.6132,1.0000
-0.8881,8.4968,1.1646,-0.0897,0.0020,-0.0621,-12.9333,8.5938,65.3854,-0.0000,-0.0000,-0.0000,0.0000,2.0498,1.3470,1.4787,1.0000
-1.8868,8.3475,1.1754,-0.1982,0.2217,0.0702,-6.8390,1.4191,67.4500,-0.0000,-0.0000,-0.0000,0.0000,2.3401,1.3110,1.0956,1.0000
-0.0261,8.3751,-0.7649,-0.0032,-0.3195,0.0557,3.6667,0.9354,67.3553,-0.0000,-0.0000,-0.0000,0.0000,2.3414,1.4717,0.7976,1.0000
-1.6214,7.5041,3.8881,0.1442,-0.2080,-0.1167,9.5734,-32.6294,34.4467,-0.0000,-0.0000,-0.0000,0.0000,2.4197,0.9227,0.2958,1.0000
-2.6411,7.0443,4.9936,0.1585,-0.1725,-0.2025,17.6025,-31.8893,34.7855,-0.0000,-0.0000,-0.0000,0.0000,2.2496,0.8782,0.3988,1.0000
-3.6646,7.2891,3.9406,0.3867,0.3361,-0.1239,24.6628,-15.0574,44.9921,-0.0000,-0.0000,-0.0000,0.0000,1.8616,1.0584,0.7342,1.0000
-3.2225,7.8073,-1.6782,0.4828,-0.1744,0.0171,25.5798,39.7888,46.0419,-0.0000,-0.0000,-0.0000,0.0000,0.6939,1.0936,1.8596,1.0000
-3.5758,7.6379,-1.6322,-0.0258,0.0114,-0.1067,21.9849,40.8340,47.6532,-0.0000,-0.0000,-0.0000,0.0000,0.7695,1.0805,1.8510,1.0000
-4.7280,7.4819,-1.1788,-0.1768,0.2436,0.0406,17.8680,48.7381,46.9727,-0.0000,-0.0000,-0.0000,0.0000,0.7886,1.0327,1.9436,1.0000
-3.9617,7.5959,-1.5166,-0.1664,-0.0097,0.2310,22.7386,34.7672,49.7787,-0.0000,-0.0000,-0.0000,0.0000,0.7273,1.1211,1.9870,1.0000
-1.9632,8.3758,1.9057,-0.6532,0.0845,-0.0560,24.1028,-6.3339,47.9904,-0.0000,-0.0000,-0.0000,0.0000,1.7505,1.2076,0.8243,1.0000
-1.8837,7.5298,3.7621,-0.3343,0.3237,-0.3421,21.8277,-17.8482,43.5608,-0.0000,-0.0000,-0.0000,0.0000,1.9804,1.0350,0.5949,1.0000
-3.2415,7.2721,1.3930,0.1634,0.0227,-0.1348,13.5452,-0.0259,49.3652,-0.0000,-0.0000,-0.0000,0.0000,1.6322,1.0862,1.0350,1.0000
-4.3217,7.7352,1.7008,0.1180,0.0167,-0.1320,13.5437,-0.1862,50.0458,-0.0000,-0.0000,-0.0000,0.0000,1.6211,1.0527,1.1477,1.0000
-4.1950,7.6593,1.8472,-0.1662,0.0201,0.0455,13.4995,4.8523,50.7446,-0.0000,-0.0000,-0.0000,0.0000,1.6593,1.0400,1.1589,1.0000
-3.8465,7.3824,2.3406,0.0198,-0.1806,-0.0023,13.5620,-3.2639,51.1765,-0.0000,-0.0000,-0.0000,0.0000,1.7036,1.0403,1.0703,1.0000
-3.9936,7.4085,3.1405,-0.0201,0.1192,0.0261,18.5837,-3.5812,49.5834,-0.0000,-0.0000,-0.0000,0.0000,1.7732,1.0497,0.9834,1.0000
-4.0828,7.7086,-1.0564,-0.4719,0.4034,0.2095,12.8799,34.7961,48.0972,-0.0000,-0.0000,-0.0000,0.0000,1.1027,1.0953,1.8982,1.0000
-2.5788,8.0696,-2.5993,0.1069,0.1316,-0.1693,9.0485,38.1439,45.2087,-0.0000,-0.0000,-0.0000,0.0000,0.8343,1.0615,2.1476,1.0000
-2.0620,7.9579,-0.5036,-0.2359,-0.3597,0.3548,19.8914,21.7239,50.7858,-0.0000,-0.0000,-0.0000,0.0000,0.9950,1.2681,1.8096,1.0000
0.8636,7.3217,-2.5770,0.2420,0.0238,0.0972,4.4815,27.1698,53.2608,-0.0000,-0.0000,-0.0000,0.0000,0.5985,1.2774,2.6307,1.0000
2.3677,7.2836,-3.7307,-1.1322,-0.4194,0.6710,23.2788,0.2167,60.2081,-0.0000,-0.0000,-0.0000,0.0000,-1.1552,1.3260,-2.3591,1.0000
0.0246,8.3025,1.1260,-0.0130,-0.3904,-0.1322,20.7062,-28.1143,45.4437,-0.0000,-0.0000,-0.0000,0.0000,2.8835,1.3428,-0.1809,1.0000
-1.5054,7.1145,7.3926,-0.4732,1.1105,0.5408,-18.8141,-31.7398,29.5639,-0.0000,-0.0000,-0.0000,0.0000,2.7064,0.9649,0.2961,1.0000
-0.5577,2.3082,9.6039,0.0982,0.6906,-0.3276,-42.9016,3.9978,-18.0344,-0.0000,-0.0000,-0.0000,0.0000,-1.9863,0.3204,0.2164,1.0000
-6.3809,3.5816,5.9776,0.3179,0.0664,0.0452,-38.8550,-6.9138,-31.4133,-0.0000,-0.0000,-0.0000,0.0000,-2.1979,0.5766,0.6761,1.0000
-1.9631,1.5876,14.1523,3.1429,-0.6586,-1.3277,-42.8680,9.6695,-17.4988,-0.0000,-0.0000,-0.0000,0.0000,-1.9141,0.7065,0.2068,1.0000
-10.1143,1.0979,-2.0112,-0.1236,0.0163,-0.0632,-19.9585,-16.7007,62.0071,-0.0000,-0.0000,-0.0000,1.0000,2.0111,0.1931,2.1983,1.0000
-9.8137,1.3459,-2.6538,-0.0906,0.0553,-0.0359,-29.8447,-22.2580,58.4351,-0.0000,-0.0000,-0.0000,1.0000,2.0468,0.1946,2.1238,1.0000
-9.8499,1.2001,-2.3215,-0.3518,0.0566,-0.0600,-24.8566,-30.2338,60.1913,-0.0000,-0.0000,-0.0000,1.0000,2.1823,0.1769,1.9888,1.0000
-9.6774,0.1364,-2.4666,-0.0546,0.0338,-0.0700,-18.0389,-28.2562,62.1216,-0.0000,-0.0000,-0.0000,1.0000,2.1496,0.0654,1.8860,1.0000
-9.9211,-0.1306,-3.0226,0.0040,0.1667,0.1264,-18.6310,-24.4888,63.2141,-0.0000,-0.0000,-0.0000,1.0000,2.0483,0.0686,1.9103,1.0000
-9.8764,-0.0052,-2.2530,0.0460,-0.0186,-0.0775,-14.1617,-26.6373,64.0594,-0.0000,-0.0000,-0.0000,1.0000,2.0276,0.0295,1.8403,1.0000
-9.6236,-0.2558,-3.7725,0.2454,0.0291,0.0009,-22.2687,-26.7410,62.3505,-0.0000,-0.0000,-0.0000,1.0000,2.0291,0.0366,1.8973,1.0000
-6.9106,3.5223,-5.0230,-0.4472,0.5483,0.0461,-57.5226,-43.9133,7.5287,-0.0000,-0.0000,-0.0000,1.0000,2.5017,0.4534,2.2803,1.0000
-7.1241,3.9718,-4.9881,0.0990,-0.1365,0.0636,-57.1594,-42.3553,12.3093,-0.0000,-0.0000,-0.0000,1.0000,2.4662,0.4447,2.2217,1.0000
-10.1033,0.1786,-1.9942,0.0509,-0.0372,-0.2085,-11.0550,-19.6030,68.4723,-0.0000,-0.0000,-0.0000,1.0000,1.8608,0.0291,1.7549,1.0000
-9.6952,0.4982,-3.4853,-0.0377,0.1258,0.0227,-23.8220,-22.2000,63.6993,-0.0000,-0.0000,-0.0000,1.0000,1.9184,0.0909,1.8669,1.0000
-9.5836,0.9238,-2.4937,0.5092,-0.3033,-0.1280,-25.0031,-23.3948,63.0234,-0.0000,-0.0000,-0.0000,1.0000,1.8775,0.0714,1.8254,1.0000
-10.0946,0.3113,-4.2400,-0.1801,0.3519,0.1077,-18.7424,-21.5851,65.3183,-0.0000,-0.0000,-0.0000,1.0000,1.9131,0.0601,1.8821,1.0000
-9.8560,0.6084,-1.5779,-0.0631,-0.1780,-0.0004,-20.5505,-15.3946,67.1448,-0.0000,-0.0000,-0.0000,1.0000,1.8287,0.0460,1.8113,1.0000
-9.5856,0.9035,-3.1237,0.0496,0.0485,0.0114,-20.7642,-17.3584,65.1596,-0.0000,-0.0000,-0.0000,1.0000,1.8317,0.0628,1.8444,1.0000
-10.0330,0.6467,-2.6665,-0.0277,-0.0312,0.0265,-16.7740,-19.7525,66.7511,-0.0000,-0.0000,-0.0000,1.0000,1.8404,0.0286,1.8255,1.0000
-9.9176,1.0163,-2.8076,-0.0526,0.0694,0.0697,-19.6106,-22.3831,64.9399,-0.0000,-0.0000,-0.0000,1.0000,1.8881,0.0692,1.8595,1.0000
-9.7002,0.9868,-3.3384,-0.1754,0.0766,0.0714,-22.9446,-23.4543,65.1825,-0.0000,-0.0000,-0.0000,1.0000,1.9068,0.1202,1.9019,1.0000
-9.5278,1.6110,-3.4162,-0.0876,0.1237,0.0058,-26.9470,-26.9485,59.3033,-0.0000,-0.0000,-0.0000,1.0000,1.9806,0.1480,1.9034,1.0000
-9.6505,1.3445,-2.8352,0.1016,-0.0962,-0.0227,-24.6597,-26.2222,62.2757,-0.0000,-0.0000,-0.0000,1.0000,1.9338,0.1223,1.8759,1.0000
-9.5734,1.9424,-2.8007,-0.2604,0.2072,0.0367,-25.4852,-30.1544,58.2199,-0.0000,-0.0000,-0.0000,1.0000,2.0253,0.1846,1.8509,1.0000
-9.3395,1.4616,-3.2665,0.0221,-0.0783,0.0386,-32.0816,-21.2677,58.8791,-0.0000,-0.0000,-0.0000,1.0000,1.9179,0.1603,1.9332,1.0000
-9.5847,1.3690,-2.9952,0.0481,-0.0078,0.0851,-27.5513,-21.6843,60.5087,-0.0000,-0.0000,-0.0000,1.0000,1.9210,0.1366,1.8887,1.0000
-9.4617,1.2321,-3.1847,-0.1110,0.1137,-0.0042,-25.6836,-26.1459,59.9167,-0.0000,-0.0000,-0.0000,1.0000,1.9746,0.1243,1.8757,1.0000
-9.1869,0.8914,-3.4853,0.0260,0.0570,-0.0338,-27.0050,-21.3699,62.3947,-0.0000,-0.0000,-0.0000,1.0000,1.8892,0.0890,1.9115,1.0000
-9.5714,1.6138,-3.6462,-0.0780,0.0387,0.0120,-33.4000,-24.4278,56.8954,-0.0000,-0.0000,-0.0000,1.0000,1.9256,0.1503,1.9462,1.0000
-9.0166,1.2049,-2.7241,-0.1916,-0.0142,-0.1037,-27.0218,-27.8183,59.5505,-0.0000,-0.0000,-0.0000,1.0000,1.9828,0.1410,1.8745,1.0000
-9.4847,1.6367,-2.7507,0.0507,-0.2698,-0.0400,-28.0914,-23.4238,60.0128,-0.0000,-0.0000,-0.0000,1.0000,1.9374,0.1634,1.8460,1.0000
-9.4745,1.0214,-2.8704,0.0731,0.1595,0.0235,-24.7131,-28.8177,61.1374,-0.0000,-0.0000,-0.0000,1.0000,1.9612,0.1457,1.8759,1.0000
-9.7553,0.6576,-1.8806,0.3588,-0.0321,-0.1812,-17.2882,-24.9573,66.2674,-0.0000,-0.0000,-0.0000,1.0000,1.9140,0.0872,1.7903,1.0000
-8.9441,1.0593,-4.0432,-0.3594,0.5415,0.5672,-32.0892,-29.0558,56.3690,-0.0000,-0.0000,-0.0000,1.0000,1.9881,0.2067,1.9650,1.0000
-9.1890,3.1514,-4.3078,-0.3673,0.4433,0.3729,-41.3300,-33.0872,48.5657,-0.0000,-0.0000,-0.0000,1.0000,2.0814,0.2664,2.0101,1.0000
-8.4554,3.2410,-2.7626,0.5607,-0.8231,-0.1768,-34.2422,-28.6926,56.8298,-0.0000,-0.0000,-0.0000,1.0000,2.0165,0.2988,1.8766,1.0000
-9.3181,3.1965,-1.0064,-0.0731,-0.0037,-0.0112,-25.0214,-38.4995,58.1406,-0.0000,-0.0000,-0.0000,1.0000,2.1453,0.2807,1.8083,1.0000
-9.1866,3.0316,-1.4494,0.0008,-0.0412,-0.0734,-27.7130,-38.4430,55.0629,-0.0000,-0.0000,-0.0000,1.0000,2.2144,0.2749,1.8195,1.0000
-8.9842,3.6308,-2.9368,-0.4638,0.6604,0.3060,-45.6268,-45.4559,35.6110,-0.0000,-0.0000,-0.0000,1.0000,2.4971,0.4401,2.0538,1.0000
-8.8654,3.1209,-3.1286,0.2066,-0.4303,-0.2102,-52.5116,-39.1617,33.9233,-0.0000,-0.0000,-0.0000,1.0000,2.3703,0.3410,1.9578,1.0000
-9.7997,2.5773,-1.8434,-0.1965,-0.3167,-0.0432,-36.8484,-38.0005,51.1337,-0.0000,-0.0000,-0.0000,1.0000,2.3105,0.2665,1.8163,1.0000
-9.2527,2.3335,-2.3287,-0.2734,0.0988,-0.0076,-29.7394,-41.0507,50.6409,-0.0000,-0.0000,-0.0000,1.0000,2.3852,0.2388,1.8497,1.0000
-9.5213,3.0707,-1.4611,-0.1619,0.1948,-0.1367,-39.0442,-51.0223,32.3105,-0.0000,-0.0000,-0.0000,1.0000,2.6758,0.3195,1.8751,1.0000
-8.8081,2.3608,-3.5453,-0.0173,0.2677,-0.1043,-40.9195,-50.5356,23.9075,-0.0000,-0.0000,-0.0000,1.0000,2.7597,0.2538,2.0283,1.0000
-9.7888,2.0819,-2.5336,-0.2930,0.0994,-0.0442,-35.0235,-51.3977,23.7030,-0.0000,-0.0000,-0.0000,1.0000,2.8155,0.2228,1.9632,1.0000
-9.5192,2.6908,-1.4644,0.3377,-0.8184,-0.2758,-33.7814,-52.2842,14.7369,-0.0000,-0.0000,-0.0000,1.0000,2.9613,0.2871,1.8388,1.0000
-9.1208,2.6947,-3.4367,0.1084,0.1026,-0.0001,-26.7120,-52.4353,17.6285,-0.0000,-0.0000,-0.0000,1.0000,2.9355,0.2485,1.8586,1.0000
-9.2443,2.3180,-2.7973,0.0426,-0.1009,-0.0393,-26.9775,-51.9104,22.3434,-0.0000,-0.0000,-0.0000,1.0000,2.8038,0.2409,1.8439,1.0000
-9.3227,2.4446,-1.8686,-0.0686,-0.0973,-0.0900,-26.4023,-53.5522,21.1975,-0.0000,-0.0000,-0.0000,1.0000,2.7846,0.2447,1.8251,1.0000
-9.3983,2.5478,-2.1473,-0.0388,0.0951,0.0063,-22.0901,-53.3966,17.7704,-0.0000,-0.0000,-0.0000,1.0000,2.8430,0.2436,1.8156,1.0000
-8.8822,2.4187,-3.5140,-0.1106,0.0159,0.0410,-27.5330,-48.6618,16.7603,-0.0000,-0.0000,-0.0000,1.0000,2.7485,0.2518,1.9013,1.0000
-9.7735,2.5647,-1.6716,0.0739,-0.2982,-0.0809,-21.8979,-49.8688,21.8216,-0.0000,-0.0000,-0.0000,1.0000,2.7121,0.2395,1.7837,1.0000
-9.5224,3.4124,-1.8033,-0.1894,-0.0084,0.0491,-22.4762,-50.6104,10.3989,-0.0000,-0.0000,-0.0000,1.0000,2.9210,0.2940,1.8166,1.0000
-9.6491,1.9721,-1.4966,-0.0264,0.2183,-0.0468,-12.8677,-50.8133,14.8590,-0.0000,-0.0000,-0.0000,1.0000,2.9005,0.2103,1.6741,1.0000
-9.7723,2.2962,-1.6584,-0.0699,-0.0152,-0.0063,-15.8401,-47.2305,14.9185,-0.0000,-0.0000,-0.0000,1.0000,2.8459,0.2147,1.7362,1.0000
-9.6201,1.5000,-1.2079,-0.0880,0.0742,-0.0280,-12.4054,-48.8358,14.7461,-0.0000,-0.0000,-0.0000,1.0000,2.8805,0.1750,1.7459,1.0000
-9.6445,2.1060,-0.9282,-0.1577,-0.0348,0.0276,-10.9558,-48.7198,10.8719,-0.0000,-0.0000,-0.0000,1.0000,2.9367,0.2043,1.7437,1.0000
-9.5969,2.1072,-2.1290,-0.0601,0.0676,-0.0033,-13.3469,-46.4539,8.0475,-0.0000,-0.0000,-0.0000,1.0000,2.9565,0.1980,1.7906,1.0000
-9.7061,1.7015,-1.3725,0.0707,-0.1906,-0.1246,-2.8793,-46.1044,14.8468,-0.0000,-0.0000,-0.0000,1.0000,2.9133,0.1595,1.7464,1.0000
-10.1395,1.4210,-0.9045,-0.0840,0.2279,0.1122,-1.8219,-45.6680,8.9996,-0.0000,-0.0000,-0.0000,1.0000,3.0044,0.1407,1.6650,1.0000
-9.6440,2.2318,-1.9085,-0.0458,0.0282,0.0031,-13.2187,-42.9886,8.5648,-0.0000,-0.0000,-0.0000,1.0000,2.9756,0.1940,1.8250,1.0000
-9.6199,2.3333,-1.7095,-0.1811,0.0725,-0.0560,-7.1762,-41.8762,7.8644,-0.0000,-0.0000,-0.0000,1.0000,3.0108,0.1729,1.7944,1.0000
-9.4292,0.7689,-1.7559,0.2128,-0.0497,-0.0864,0.3571,-41.0034,11.8683,-0.0000,-0.0000,-0.0000,1.0000,2.9373,0.1263,1.7174,1.0000
-9.4480,1.6906,-3.6001,-0.0441,-0.0252,0.0693,-11.6898,-37.2330,12.5183,-0.0000,-0.0000,-0.0000,1.0000,2.8312,0.2025,1.8878,1.0000
1.0026,4.6520,8.4944,0.7753,-0.1066,-0.3065,12.2406,29.5486,-27.7130,-0.0000,-0.0000,-0.0000,0.0000,-0.0611,0.8417,-0.0741,1.0000
1.8512,5.5498,6.3533,0.2586,0.0020,0.5229,20.1614,26.0513,-31.1813,-0.0000,-0.0000,-0.0000,0.0000,0.5466,0.8158,-0.3877,1.0000
-1.7617,8.1972,0.0357,0.0507,-0.1531,0.2035,-13.0768,-1.9501,-5.4688,-0.0000,-0.0000,-0.0000,0.0000,-2.8860,1.2641,1.1349,1.0000
-1.8395,8.2812,0.4181,0.3939,0.1032,-0.2000,-16.0507,-8.4534,-5.0812,-0.0000,-0.0000,-0.0000,0.0000,-2.9093,1.3572,1.1534,1.0000
-3.3115,7.2461,-3.3969,0.2245,0.2115,-0.1099,-3.4409,4.7043,-1.4038,-0.0000,-0.0000,-0.0000,0.0000,2.2759,1.0475,2.3155,1.0000
-2.8635,7.4807,-3.5375,-0.0360,-0.0063,0.0555,-4.2267,5.0995,-4.1412,-0.0000,-0.0000,-0.0000,0.0000,2.2877,1.0274,2.3522,1.0000
-0.7739,8.1355,-1.3069,-0.8571,-0.1610,0.4609,-10.7285,-6.8787,-5.9616,-0.0000,-0.0000,-0.0000,0.0000,2.8967,1.4124,1.7220,1.0000
-0.7765,7.7617,-0.7314,0.2853,-0.1620,-0.2111,-14.3646,-9.5261,-6.7398,-0.0000,-0.0000,-0.0000,0.0000,2.5190,1.4386,2.1567,1.0000
-1.8738,8.3920,-2.1155,-0.2386,0.0191,0.1477,-6.3766,-6.3660,-1.5778,-0.0000,-0.0000,-0.0000,0.0000,2.3820,1.3022,2.3801,1.0000
-2.6724,7.8406,-2.3950,-0.0580,0.0713,0.0069,-2.8122,-4.5059,-1.3077,-0.0000,-0.0000,-0.0000,0.0000,2.3366,1.1481,2.4140,1.0000
-1.8465,8.3359,-1.3162,-0.2552,0.0958,0.1771,-5.1407,-10.5927,-3.7704,-0.0000,-0.0000,-0.0000,0.0000,2.4330,1.3473,2.3405,1.0000
-0.9196,8.4830,-0.3429,0.0017,0.0446,-0.0270,-14.6637,-11.4960,-7.5989,-0.0000,-0.0000,-0.0000,0.0000,2.8591,1.4612,2.0548,1.0000
-0.7012,5.6483,6.6618,-2.8168,6.0255,2.7329,7.6462,20.9290,-17.6910,-0.0000,-0.0000,-0.0000,0.0000,0.5622,0.9690,-0.1148,1.0000
-2.2985,7.8436,-3.3006,0.2467,0.3026,-0.0163,-3.0075,-1.5274,1.4694,-0.0000,-0.0000,-0.0000,0.0000,2.3350,1.1687,2.8497,1.0000
-2.1573,7.7917,-3.4337,-0.1555,0.1441,0.2357,-2.2232,-0.2579,1.6830,-0.0000,-0.0000,-0.0000,0.0000,2.4637,1.0898,2.7615,1.0000
-1.8350,7.2680,-4.1167,0.0720,-0.0284,-0.0907,-1.9150,0.6912,2.0432,-0.0000,-0.0000,-0.0000,0.0000,2.4534,1.0515,2.7660,1.0000
-4.6526,3.8181,6.8801,-5.5601,6.5168,2.2635,5.3650,20.1294,-21.9391,-0.0000,-0.0000,-0.0000,0.0000,0.3086,0.7371,-0.0812,1.0000
0.3734,6.0747,6.2401,-0.0631,0.1288,-0.0700,7.7515,23.5764,-27.5269,-0.0000,-0.0000,-0.0000,0.0000,0.4205,0.8078,-0.1398,1.0000
2.4710,8.5325,4.3046,0.8320,-2.0320,-1.4791,-12.5946,13.9420,-16.0049,-0.0000,-0.0000,-0.0000,0.0000,0.0147,1.0993,-0.4271,1.0000
-1.5124,8.2084,-1.3425,0.1372,0.1541,0.2466,5.3787,2.9892,3.9017,-0.0000,-0.0000,-0.0000,0.0000,1.9598,1.2766,2.9049,1.0000
-1.6902,7.4619,-3.4505,0.0089,-0.0212,-0.1015,2.9953,5.6595,-1.2634,-0.0000,-0.0000,-0.0000,0.0000,2.0657,1.1084,2.8066,1.0000
-2.3448,7.0557,-3.5925,0.7502,-0.1608,-0.5330,0.3372,3.3661,-7.3624,-0.0000,-0.0000,-0.0000,0.0000,2.1710,0.8855,2.6713,1.0000
-1.3188,5.3061,-6.8947,-0.1947,0.1258,0.3026,-0.7828,0.4059,-1.0788,-0.0000,-0.0000,-0.0000,0.0000,2.0906,0.7955,2.8841,1.0000
2.2905,8.9569,0.4014,-0.5049,0.2752,0.1842,-25.3967,-6.5552,-17.3950,-0.0000,-0.0000,-0.0000,0.0000,-0.2091,1.2708,-1.0255,1.0000
0.0726,8.1346,-1.9680,-0.1832,-0.0870,0.2372,-11.9080,-11.6455,-0.9842,-0.0000,-0.0000,-0.0000,0.0000,1.5194,1.3705,-2.9268,1.0000
0.0685,7.8354,0.2834,0.2256,-0.2353,-0.0483,-27.5497,-11.3541,-8.5342,-0.0000,-0.0000,-0.0000,0.0000,-0.5703,1.4954,-0.9028,1.0000
-0.1348,7.8239,-1.7675,0.6419,-0.1341,-0.1254,-23.3109,-11.9904,5.1208,-0.0000,-0.0000,-0.0000,0.0000,1.6536,1.3766,2.9976,1.0000
0.6933,10.7047,0.0190,-0.1790,0.0608,0.1899,-22.5067,-7.8415,13.3820,-0.0000,-0.0000,-0.0000,0.0000,1.6081,1.3940,2.7595,1.0000
-4.4441,5.6343,-5.7335,-0.4634,0.2594,0.3179,-4.8004,8.4091,10.8704,-0.0000,-0.0000,-0.0000,0.0000,1.6047,0.6048,2.5405,1.0000
-6.4177,2.7299,-7.1083,0.5684,-0.3487,-0.5613,-14.9643,10.3531,3.1204,-0.0000,-0.0000,-0.0000,0.0000,1.5677,0.2445,2.3975,1.0000
-5.3524,5.5446,-6.4832,1.3605,-0.6399,-0.8336,-3.8010,8.6273,0.9689,-0.0000,-0.0000,-0.0000,0.0000,1.5493,0.5761,2.4120,1.0000
-3.2934,6.7042,-4.7483,-0.6068,0.3442,0.9228,-3.7384,4.6417,-5.6198,-0.0000,-0.0000,-0.0000,0.0000,1.6443,0.7192,2.5192,1.0000
-3.0875,6.8723,5.3145,-1.5960,3.4462,1.5971,-2.5528,8.9401,-11.4120,-0.0000,-0.0000,-0.0000,0.0000,-0.2777,1.0922,-0.0856,1.0000
1.3933,6.3885,6.2383,-0.1560,0.0261,0.1245,13.7833,26.2665,-29.0192,-0.0000,-0.0000,-0.0000,0.0000,0.4380,0.8339,-0.2665,1.0000
1.5986,4.8208,7.2912,0.5823,-0.0054,0.4023,18.2159,29.0863,-28.9017,-0.0000,-0.0000,-0.0000,0.0000,0.5630,0.6363,-0.2142,1.0000
1.3547,5.2048,6.6490,0.0863,-0.0419,0.0518,23.0988,25.4501,-28.9856,-0.0000,-0.0000,-0.0000,0.0000,0.7049,0.6789,-0.2135,1.0000
1.4022,4.8998,7.0085,-0.0439,0.0206,0.0418,25.6454,25.2487,-28.8406,-0.0000,-0.0000,-0.0000,0.0000,0.7295,0.6305,-0.2281,1.0000
1.7316,5.3720,6.7892,0.2966,0.0195,-0.3917,22.1558,25.3693,-31.1127,-0.0000,-0.0000,-0.0000,0.0000,0.6663,0.6920,-0.1942,1.0000
-0.8732,7.1612,5.0349,0.0434,-0.2227,0.0433,7.4646,20.0302,-28.3478,-0.0000,-0.0000,-0.0000,0.0000,0.1633,0.9604,0.0193,1.0000
-2.0324,5.5828,0.7728,0.5060,0.1041,-0.0871,10.7941,34.5139,1.1429,-0.0000,-0.0000,-0.0000,0.0000,-0.4770,1.4470,0.7721,1.0000
-0.0070,8.0753,6.0852,-2.6613,1.4184,0.4984,19.5572,25.2014,-19.9738,-0.0000,-0.0000,-0.0000,0.0000,0.6868,0.7447,-0.0334,1.0000
-1.6727,3.8170,8.5088,0.3449,-0.1936,-0.2876,24.2950,30.4718,-20.8115,-0.0000,-0.0000,-0.0000,0.0000,0.5914,0.5115,0.1688,1.0000
-4.9812,5.2054,5.6417,0.4299,0.8138,0.2506,23.0453,26.6663,-19.5450,-0.0000,-0.0000,-0.0000,0.0000,0.2097,0.6863,0.7844,1.0000
-2.6236,1.9587,8.4716,0.7239,-0.3329,-0.0511,18.4891,30.0766,-20.8755,-0.0000,-0.0000,-0.0000,0.0000,0.3455,0.3893,0.2964,1.0000
-1.9212,4.1278,7.2947,-0.5853,0.4586,0.1786,20.7138,29.6265,-19.2291,-0.0000,-0.0000,-0.0000,0.0000,0.4330,0.4364,0.3184,1.0000
-0.8907,4.2341,8.7084,0.0377,0.3274,0.3831,21.3989,24.2065,-20.7291,-0.0000,-0.0000,-0.0000,0.0000,0.4192,0.5495,0.1769,1.0000
-1.4974,3.6252,7.6581,0.6709,-0.1113,-0.2008,10.8871,28.0991,-25.1556,-0.0000,-0.0000,-0.0000,0.0000,0.1488,0.4869,0.1517,1.0000
-0.3086,4.0733,7.8735,-0.2039,-0.2592,-0.0308,11.6760,29.2953,-25.8423,-0.0000,-0.0000,-0.0000,0.0000,0.2172,0.4189,0.0306,1.0000
-1.2850,4.4225,8.5898,-0.0414,-0.1980,-0.1740,17.3309,28.2669,-25.1450,-0.0000,-0.0000,-0.0000,0.0000,0.2900,0.5196,0.2262,1.0000
-0.9743,4.4632,7.9119,-0.6929,-0.9478,-0.6022,17.3264,28.9780,-25.5386,-0.0000,-0.0000,-0.0000,0.0000,0.2339,0.4143,0.1003,1.0000
-1.3450,4.8336,7.0377,-0.1006,-0.4514,-0.1787,15.6723,29.0527,-29.3411,-0.0000,-0.0000,-0.0000,0.0000,0.2146,0.5304,0.1109,1.0000
-1.4125,5.0247,7.6963,0.0513,0.1139,0.0585,13.1180,29.0878,-27.5284,-0.0000,-0.0000,-0.0000,0.0000,0.2464,0.5478,0.1475,1.0000
-0.5602,4.2058,7.6997,-0.0754,-0.0389,0.0723,10.8902,28.8956,-26.9791,-0.0000,-0.0000,-0.0000,0.0000,0.2182,0.4689,0.0404,1.0000
-0.4417,4.4787,7.8105,0.1751,-0.3374,-0.2650,16.3788,28.2578,-25.9201,-0.0000,-0.0000,-0.0000,0.0000,0.2130,0.5358,0.1245,1.0000
-0.9830,4.2141,7.9659,0.0658,0.0570,-0.1350,10.7971,30.5496,-27.0981,-0.0000,-0.0000,-0.0000,0.0000,0.1186,0.4814,0.1361,1.0000
-4.1458,3.1029,6.9295,-0.0509,0.1062,0.0203,24.3866,32.9453,-10.4233,-0.0000,-0.0000,-0.0000,0.0000,0.4640,0.3790,0.6415,1.0000
-2.2518,3.3244,8.6752,0.4269,-0.8990,-0.2123,13.6002,36.5616,-23.8693,-0.0000,-0.0000,-0.0000,0.0000,0.0775,0.4596,0.1368,1.0000
-2.5059,0.1586,11.0881,-0.7108,-1.3943,0.8670,27.7847,34.7961,-8.6533,-0.0000,-0.0000,-0.0000,0.0000,0.5713,0.1892,0.1678,1.0000
0.7740,7.8730,-3.0600,1.0318,-0.3199,-1.2009,13.5773,7.4753,-4.2709,-0.0000,-0.0000,-0.0000,0.0000,1.6453,1.1144,2.7683,1.0000
-7.0819,0.5690,-5.8796,-3.2278,-0.3306,1.0715,-2.3392,2.1683,-28.7506,-0.0000,-0.0000,-0.0000,0.0000,-3.0328,0.9437,2.3621,1.0000
-6.8031,1.7714,-8.8320,-0.2216,0.2000,-0.5882,13.3362,-8.7280,-27.6245,-0.0000,-0.0000,-0.0000,0.0000,-2.6051,0.2661,2.6092,1.0000
-1.8628,6.9281,-4.2890,-0.3925,0.2801,0.5879,35.7758,0.0870,-43.1335,-0.0000,-0.0000,-0.0000,0.0000,-2.2050,0.8066,2.6269,1.0000
0.2749,9.4641,0.8951,-0.5154,1.0662,-0.7654,31.3553,-12.8067,-28.7903,-0.0000,-0.0000,-0.0000,0.0000,2.4857,1.4527,-1.4734,1.0000
-0.5671,5.3031,-3.2634,0.9357,0.2988,0.0949,66.5131,13.0829,-2.0035,-0.0000,-0.0000,-0.0000,0.0000,-1.7541,1.2453,3.1119,1.0000
-2.1780,8.8518,-4.3812,0.9438,-0.6352,1.0892,53.4958,14.4440,-28.0807,-0.0000,-0.0000,-0.0000,0.0000,-1.6782,0.9523,2.7972,1.0000
-2.1504,6.3391,-6.1293,0.0064,-0.3580,0.1584,50.3845,4.7836,-27.0905,-0.0000,-0.0000,-0.0000,0.0000,-1.6400,0.8441,2.7035,1.0000
-1.3253,9.2322,0.6242,-0.9517,1.8209,-0.0227,25.5127,18.2022,11.7020,-0.0000,-0.0000,-0.0000,0.0000,1.8043,1.2566,0.1265,1.0000
-2.5373,8.1167,-2.8631,-0.8465,-0.6499,0.1524,22.1924,-3.9749,-23.8342,-0.0000,-0.0000,-0.0000,0.0000,-1.6011,1.3654,2.1947,1.0000
-0.8966,8.2445,1.0513,-0.3335,-0.4041,-0.0001,-16.1896,-1.2085,-21.6537,-0.0000,-0.0000,-0.0000,0.0000,-0.2548,1.3253,0.3077,1.0000
0.0893,6.8162,3.5952,0.0430,-0.1612,-0.3755,-28.5385,-4.2572,-12.9486,-0.0000,-0.0000,-0.0000,0.0000,-0.5487,1.1352,0.0626,1.0000
-2.7886,6.3643,-0.0216,1.0197,0.1948,-1.1067,-2.7664,1.8143,-4.6219,-0.0000,-0.0000,-0.0000,0.0000,-2.6763,1.0659,1.7838,1.0000
-5.9116,5.4274,-3.2552,0.5829,0.3105,-0.6627,-2.8519,6.0959,-10.5957,-0.0000,-0.0000,-0.0000,0.0000,-2.9264,0.7567,2.0682,1.0000
-4.7886,7.4850,-2.3273,-0.1283,-0.0382,0.2847,1.2039,3.9261,-6.5277,-0.0000,-0.0000,-0.0000,0.0000,-2.8905,0.9709,2.0607,1.0000
-4.1369,7.2344,-2.5057,-0.0820,-0.0802,0.1756,1.4633,-0.0992,-4.3152,-0.0000,-0.0000,-0.0000,0.0000,-2.9239,1.0945,2.0836,1.0000
-2.0203,8.1250,-0.7997,-0.1841,-0.0206,0.2199,-7.2983,-8.3313,-5.3864,-0.0000,-0.0000,-0.0000,0.0000,-2.8047,1.3261,1.9383,1.0000
-3.7609,7.3674,-2.0975,0.4152,0.1818,-0.5718,0.5112,-1.3016,-2.6550,-0.0000,-0.0000,-0.0000,0.0000,-2.9652,1.0195,2.0818,1.0000
-2.1636,7.9374,-1.7135,-0.2323,-0.0274,0.3827,-0.1434,-7.8384,-5.2139,-0.0000,-0.0000,-0.0000,0.0000,-2.9326,1.2343,2.0991,1.0000
-2.3929,7.6107,-2.1337,0.6854,0.1047,-0.6666,2.5696,-0.0107,-2.9358,-0.0000,-0.0000,-0.0000,0.0000,-3.0350,1.0720,2.2379,1.0000
-3.3517,7.7296,-2.6697,-0.0571,0.0406,0.1347,2.5528,1.7181,-2.0782,-0.0000,-0.0000,-0.0000,0.0000,-3.0028,1.0863,2.2240,1.0000
-2.2926,8.0960,-2.0177,0.0298,-0.0225,-0.0174,-0.4730,-7.3792,-3.3554,-0.0000,-0.0000,-0.0000,0.0000,-3.0207,1.2480,2.2721,1.0000
-1.7669,8.2379,-1.5703,0.0682,0.0316,-0.0342,-1.0178,-7.7713,-5.3894,-0.0000,-0.0000,-0.0000,0.0000,-3.0000,1.2665,2.2852,1.0000
-2.8803,8.1294,-2.2509,0.0733,-0.0523,-0.1488,1.7181,-3.7308,-1.8127,-0.0000,-0.0000,-0.0000,0.0000,-2.9715,1.1503,2.2468,1.0000
-2.6448,7.5235,-2.9194,-0.1803,0.0212,0.2713,2.0340,-2.8564,-2.7283,-0.0000,-0.0000,-0.0000,0.0000,-3.0406,1.1598,2.3215,1.0000
-1.4786,8.6466,-1.6768,0.3470,0.0144,-0.4265,-0.9216,-11.0092,-3.3508,-0.0000,-0.0000,-0.0000,0.0000,-3.0890,1.1921,2.3954,1.0000
-2.3077,7.6725,-2.9285,0.0096,0.0001,0.0979,1.7395,-6.0944,-2.1271,-0.0000,-0.0000,-0.0000,0.0000,-3.1066,1.1321,2.4480,1.0000
-1.6346,8.1449,-2.5746,0.0251,-0.0487,-0.0150,-0.3769,-9.6634,-3.1448,-0.0000,-0.0000,-0.0000,0.0000,-3.1217,1.2105,2.4869,1.0000
-0.9859,7.8861,-1.2719,-0.0090,-0.0557,0.0840,-10.3867,-8.3603,-8.3954,-0.0000,-0.0000,-0.0000,0.0000,3.0255,1.4121,2.5572,1.0000
-2.3227,6.5115,-3.0696,0.5134,-0.1047,-0.3615,-1.6022,-6.6956,-1.1459,-0.0000,-0.0000,-0.0000,0.0000,3.0329,1.1314,2.4987,1.0000
-1.0389,7.8257,-2.0013,-0.4161,0.1068,0.3857,-0.8575,-8.3237,-4.4693,-0.0000,-0.0000,-0.0000,0.0000,2.9499,1.3387,2.6011,1.0000
-1.5555,8.1175,-2.1665,0.3756,-0.0142,-0.2944,-1.2039,-7.5623,0.0885,-0.0000,-0.0000,-0.0000,0.0000,2.9685,1.1757,2.5680,1.0000
-2.1841,7.9339,-3.5087,0.2586,-0.0926,-0.2907,-0.7736,-0.5371,-1.5808,-0.0000,-0.0000,-0.0000,0.0000,3.0665,1.1000,2.5098,1.0000
-2.7863,6.9919,-4.0317,0.0260,0.0276,-0.0677,-0.0610,0.8194,-3.0991,-0.0000,-0.0000,-0.0000,0.0000,3.0976,0.9421,2.5122,1.0000
-1.9254,5.5062,-6.4656,1.6034,0.2545,-0.3800,-3.5126,-3.8635,-5.8517,-0.0000,-0.0000,-0.0000,0.0000,2.8920,0.5815,2.7698,1.0000
0.2274,6.9079,-5.0116,-0.7598,-0.2613,0.4752,-9.2194,-8.3679,-3.1036,-0.0000,-0.0000,-0.0000,0.0000,2.6674,1.1310,3.0220,1.0000
3.5579,7.5189,-0.1744,0.0157,-0.0534,-0.0606,-34.3216,1.9608,-11.8988,-0.0000,-0.0000,-0.0000,0.0000,0.3834,1.2669,-1.2720,1.0000
-1.6590,6.5366,2.7077,-0.3663,1.8023,0.0514,-9.9121,9.2743,-20.5536,-0.0000,-0.0000,-0.0000,0.0000,-0.1942,1.2014,0.4090,1.0000
0.3677,4.6645,7.0134,0.2307,-0.1303,-0.3400,-9.2316,29.4174,-29.6875,-0.0000,-0.0000,-0.0000,0.0000,0.1796,0.6978,-0.1164,1.0000
1.5581,6.8698,5.9043,0.2488,-1.2955,-0.9060,-25.8362,25.6363,-28.5141,-0.0000,-0.0000,-0.0000,0.0000,-0.6501,0.9090,-0.0716,1.0000
0.2828,8.6120,1.7870,0.6888,-0.2524,-0.2496,-29.6585,-11.1084,16.8137,-0.0000,-0.0000,-0.0000,0.0000,-2.2690,1.4479,0.2559,1.0000
-7.9970,3.3745,-4.3418,0.1385,0.1544,-0.9719,-15.4434,9.2331,5.4657,-0.0000,-0.0000,-0.0000,0.0000,2.1708,0.4247,2.0768,1.0000
-7.7881,3.7402,-4.1271,-0.1104,0.1096,-0.1109,-13.6093,4.7379,-4.9728,-0.0000,-0.0000,-0.0000,0.0000,2.2779,0.3763,2.1449,1.0000
-4.0147,5.1075,6.6494,-4.3022,6.9576,3.3814,-12.0575,17.4255,-17.8818,-0.0000,-0.0000,-0.0000,0.0000,-0.2528,0.9211,-0.3550,1.0000
0.4086,5.5596,6.4491,-0.0439,-0.0357,-0.0739,8.9111,29.1962,-29.6692,-0.0000,-0.0000,-0.0000,0.0000,0.2417,0.6782,-0.1464,1.0000
0.5022,2.2300,9.6222,0.2190,-0.1169,-0.2189,27.1240,34.3658,-19.7098,-0.0000,-0.0000,-0.0000,0.0000,0.5947,0.2331,-0.0485,1.0000
-0.3349,4.4006,7.9360,0.0149,0.0659,-0.0626,24.5590,30.7388,-26.7502,-0.0000,-0.0000,-0.0000,0.0000,0.4859,0.5233,0.0258,1.0000
-0.4245,4.8352,7.6608,0.0430,0.0719,0.0092,26.1459,30.2017,-24.8917,-0.0000,-0.0000,-0.0000,0.0000,0.5313,0.5487,0.0595,1.0000
-0.3295,4.5918,7.7405,0.0605,0.0025,0.0001,25.8957,31.7749,-25.0885,-0.0000,-0.0000,-0.0000,0.0000,0.5515,0.5578,0.0420,1.0000
0.1795,5.3914,6.9839,-0.0254,-0.5430,-0.2117,18.5959,31.8512,-29.5624,-0.0000,-0.0000,-0.0000,0.0000,0.4639,0.5564,-0.0294,1.0000
-0.0093,5.0921,7.7510,0.2096,0.5877,0.0597,18.8232,31.7627,-26.8478,-0.0000,-0.0000,-0.0000,0.0000,0.3740,0.6099,0.0486,1.0000
-0.0864,5.3821,7.0898,-0.0618,-0.0783,-0.0278,20.1736,32.9727,-28.7231,-0.0000,-0.0000,-0.0000,0.0000,0.3437,0.6167,0.0415,1.0000
-0.7668,4.9819,7.5139,-0.0337,-0.0067,0.0269,9.9976,33.0765,-30.4901,-0.0000,-0.0000,-0.0000,0.0000,0.1835,0.5925,0.0802,1.0000
-1.2484,5.2831,7.1528,0.1357,-0.1313,-0.0692,12.7151,32.0145,-31.2958,-0.0000,-0.0000,-0.0000,0.0000,0.1505,0.6229,0.1444,1.0000
-0.5944,5.3794,6.8434,0.0873,0.1286,0.0727,6.3568,29.7089,-28.8452,-0.0000,-0.0000,-0.0000,0.0000,0.1067,0.6460,0.0826,1.0000
-0.9047,5.3318,7.2491,0.0334,0.0069,-0.0244,14.0305,33.3450,-25.5829,-0.0000,-0.0000,-0.0000,0.0000,0.2027,0.6199,0.0874,1.0000
0.3264,6.8142,4.9368,0.1165,0.1661,0.1202,7.1106,25.7874,-30.5313,-0.0000,-0.0000,-0.0000,0.0000,0.1464,0.8957,-0.0349,1.0000
0.0847,6.6615,5.7831,0.0765,0.0875,0.2016,14.2593,25.5569,-27.5604,-0.0000,-0.0000,-0.0000,0.0000,0.2547,0.8374,0.0606,1.0000
-1.0933,7.0617,4.8826,-0.0337,-0.0809,-0.1431,11.8164,24.0372,-29.8401,-0.0000,-0.0000,-0.0000,0.0000,0.2427,0.9453,0.0778,1.0000
-0.2816,5.9700,6.4384,-0.5906,-0.0387,-0.0856,13.9511,25.5630,-29.4479,-0.0000,-0.0000,-0.0000,0.0000,0.2618,0.7306,0.0614,1.0000
-0.1970,6.3969,6.6136,-0.0840,-0.0395,0.0559,10.5316,26.0727,-30.8258,-0.0000,-0.0000,-0.0000,0.0000,0.2345,0.7841,0.0475,1.0000
-0.6590,6.5847,5.8066,-0.0307,0.0159,-0.0274,12.3642,25.7034,-30.6946,-0.0000,-0.0000,-0.0000,0.0000,0.2390,0.8317,0.0626,1.0000
-0.8165,6.4225,6.4759,0.0219,0.1473,0.0263,9.4101,25.0168,-27.5208,-0.0000,-0.0000,-0.0000,0.0000,0.1100,0.7844,0.1344,1.0000
-0.7477,3.7976,9.3550,-0.6924,0.1526,-0.0144,13.5452,33.4091,-23.8678,-0.0000,-0.0000,-0.0000,0.0000,0.2950,0.4197,0.1261,1.0000
-1.1517,4.8610,7.6706,0.0027,-0.0001,-0.0996,17.3111,31.9016,-27.1149,-0.0000,-0.0000,-0.0000,0.0000,0.2854,0.5759,0.1694,1.0000
-1.0374,5.0780,7.3526,0.0236,0.0423,0.0425,13.6734,31.3171,-31.0272,-0.0000,-0.0000,-0.0000,0.0000,0.2424,0.5988,0.1270,1.0000
-1.3043,5.6106,6.4958,0.1758,0.6876,0.4511,16.0690,28.1021,-27.3529,-0.0000,-0.0000,-0.0000,0.0000,0.3754,0.6812,0.2142,1.0000
-0.3417,5.0476,7.5613,-0.1266,0.1906,0.2238,14.9155,32.4142,-26.2131,-0.0000,-0.0000,-0.0000,0.0000,0.2718,0.5345,0.1700,1.0000
-1.7715,4.8639,7.2845,0.1753,0.0020,-0.0298,14.9933,33.2077,-26.9821,-0.0000,-0.0000,-0.0000,0.0000,0.1795,0.5803,0.1974,1.0000
-1.2189,4.9619,7.3540,-0.0298,-0.0195,0.0005,11.6867,29.1473,-27.7161,-0.0000,-0.0000,-0.0000,0.0000,0.2028,0.6025,0.1550,1.0000
-1.2439,5.0605,7.2680,-0.0739,-0.0007,-0.0048,11.9415,28.4531,-30.1727,-0.0000,-0.0000,-0.0000,0.0000,0.2020,0.6050,0.1526,1.0000
-2.9927,4.5119,7.5352,-0.1140,1.4340,-0.2918,13.2507,32.7942,-28.1448,-0.0000,-0.0000,-0.0000,0.0000,0.0974,0.5465,0.4719,1.0000
-3.4652,3.0143,8.9827,-0.7195,-0.1273,0.4637,19.7647,36.7661,-15.5243,-0.0000,-0.0000,-0.0000,0.0000,0.2934,0.3067,0.3933,1.0000
-0.9023,6.0829,5.9998,0.0403,-0.0425,-0.0127,12.8143,27.5894,-28.1754,-0.0000,-0.0000,-0.0000,0.0000,0.1700,0.7212,0.1630,1.0000
-1.1543,5.8098,6.2077,-0.0087,0.0129,0.0968,13.0569,26.8005,-27.4719,-0.0000,-0.0000,-0.0000,0.0000,0.1787,0.7000,0.1666,1.0000
-1.0603,5.8833,6.4806,-0.0237,0.0074,0.0333,12.9669,28.2990,-27.9633,-0.0000,-0.0000,-0.0000,0.0000,0.1577,0.7114,0.1639,1.0000
-1.2144,5.7717,6.3859,-0.2521,0.4062,-0.0947,13.9771,29.7180,-25.0412,-0.0000,-0.0000,-0.0000,0.0000,0.1879,0.6201,0.2246,1.0000
0.7647,7.1740,4.4490,1.9298,-4.4088,-2.4552,-19.6686,10.2783,-11.5829,-0.0000,-0.0000,-0.0000,0.0000,-0.6335,1.2897,-0.3772,1.0000
-4.2098,6.3354,-2.4419,0.3202,0.4433,-1.1547,-8.3786,13.2858,-14.6774,-0.0000,-0.0000,-0.0000,0.0000,2.5879,0.9721,2.0518,1.0000
1.4021,5.0889,5.3534,-0.6469,0.6239,0.1743,22.3404,16.7419,-22.2458,-0.0000,-0.0000,-0.0000,0.0000,1.0175,0.6506,-0.2667,1.0000
-0.6230,2.5222,9.9805,-0.3961,0.8926,-0.4850,29.6463,13.1775,-13.5498,-0.0000,-0.0000,-0.0000,0.0000,1.0319,0.2939,0.0873,1.0000
-0.9918,5.4965,6.6978,-0.1021,0.3286,0.1490,23.3505,12.3642,-9.9319,-0.0000,-0.0000,-0.0000,0.0000,0.8266,0.7229,0.1522,1.0000
-1.4953,6.1412,6.5379,0.1726,0.0201,-0.0221,22.5464,9.9625,-3.9536,-0.0000,-0.0000,-0.0000,0.0000,0.8218,0.7938,0.2887,1.0000
-2.9968,6.5461,5.7283,-0.0533,-0.1997,-0.0025,21.3959,13.1638,-1.4313,-0.0000,-0.0000,-0.0000,0.0000,0.7314,0.8114,0.4445,1.0000
-3.0577,7.7289,2.8361,-0.0511,-0.0116,-0.0756,18.3502,16.1163,-1.5091,-0.0000,-0.0000,-0.0000,0.0000,0.5484,1.0432,0.7818,1.0000
-2.0894,7.3148,5.0183,-0.2964,0.0657,-0.0521,23.9716,8.7036,-0.3525,-0.0000,-0.0000,-0.0000,0.0000,1.0043,0.9043,0.3996,1.0000
-1.2902,5.9080,7.0097,-0.2595,-0.3335,-0.1523,22.0764,9.4070,-4.5517,-0.0000,-0.0000,-0.0000,0.0000,0.8862,0.7532,0.2496,1.0000
-1.9625,5.7134,6.2774,0.1485,-0.0840,-0.1499,22.2153,11.6913,-4.0054,-0.0000,-0.0000,-0.0000,0.0000,0.8472,0.7292,0.3031,1.0000
0.0173,5.1208,7.4846,-0.0237,-0.1844,0.6409,22.4777,10.6857,-7.4310,-0.0000,-0.0000,-0.0000,0.0000,1.0806,0.6166,0.0688,1.0000
-0.4089,6.6718,5.6261,0.4135,-0.1475,-0.0387,21.9299,10.7666,-9.4772,-0.0000,-0.0000,-0.0000,0.0000,0.9757,0.8822,0.0034,1.0000
-0.4019,6.5837,5.9865,-0.0358,0.1326,-0.0628,19.5175,10.6293,-3.9719,-0.0000,-0.0000,-0.0000,0.0000,0.9227,0.8400,0.1225,1.0000
-0.6757,7.1551,5.2185,-0.2444,-0.1145,-0.1627,19.4962,13.3057,-3.6652,-0.0000,-0.0000,-0.0000,0.0000,0.8329,0.8114,0.2411,0.0000
-5.9424,6.4676,-2.1327,0.1851,0.0510,0.0261,4.2801,18.3151,-24.9283,-0.0000,-0.0000,-0.0000,0.0000,-2.5481,0.9797,1.9090,0.0000
-6.3914,6.1944,-2.0586,-0.0326,0.0312,0.0410,6.6971,15.4419,-26.5976,-0.0000,-0.0000,-0.0000,0.0000,-2.0723,0.9191,1.9516,0.0000
-6.4176,5.9975,-2.5372,0.0096,-0.0255,0.0303,5.2673,15.0284,-26.6998,-0.0000,-0.0000,-0.0000,0.0000,-1.6229,0.8657,1.9562,0.0000
-6.4405,6.4907,-2.5623,-0.0070,-0.0193,0.0342,9.1629,15.0787,-25.8499,-0.0000,-0.0000,-0.0000,0.0000,-1.4179,0.8610,1.9280,0.0000
-6.0057,6.2418,-2.3190,-0.0260,0.0419,0.0329,8.5266,14.9918,-25.9384,-0.0000,-0.0000,-0.0000,0.0000,-1.3550,0.8354,1.9362,0.0000
-5.9329,6.0642,-2.3174,-0.1281,0.0627,0.1750,6.8802,11.7371,-25.6729,-0.0000,-0.0000,-0.0000,0.0000,-1.2981,0.8750,1.9389,0.0000
-3.9538,6.4519,-1.3834,-0.0982,0.0970,-0.0500,11.8805,11.0794,-21.7697,-0.0000,-0.0000,-0.0000,0.0000,-1.1287,0.9884,1.8630,0.0000
-5.8125,5.7969,-2.7915,0.4930,0.0687,-0.6482,6.7184,11.0962,-24.0082,-0.0000,-0.0000,-0.0000,0.0000,-1.3496,0.7122,2.0070,0.0000
-5.6620,7.0769,-2.4738,-0.2491,-0.0402,0.2321,8.8120,8.2932,-24.6353,-0.0000,-0.0000,-0.0000,0.0000,-1.3119,0.8503,1.9623,0.0000
-5.0035,7.8728,-1.2743,-0.3541,0.0519,0.4083,9.8526,6.0898,-22.2229,-0.0000,-0.0000,-0.0000,0.0000,-1.2870,0.9732,1.9327,0.0000
-4.7252,7.2864,-1.6759,-0.0635,-0.0046,0.0459,7.4615,5.9723,-21.0785,-0.0000,-0.0000,-0.0000,0.0000,-1.3550,0.9812,1.9468,0.0000
-4.9313,7.1881,-1.8681,-0.0164,-0.0078,0.0640,8.6517,6.2241,-21.0541,-0.0000,-0.0000,-0.0000,0.0000,-1.3988,0.9497,1.9345,0.0000
-6.3882,4.5871,-3.7825,0.4016,0.0630,-0.5014,4.9957,9.4330,-27.1667,-0.0000,-0.0000,-0.0000,0.0000,-1.5181,0.6730,2.0395,0.0000
-5.6432,6.7942,-2.8737,-0.0999,-0.0363,0.1215,8.5709,9.1599,-25.4150,-0.0000,-0.0000,-0.0000,0.0000,-1.4589,0.8414,2.0136,0.0000
-4.3824,7.9054,-1.0401,-0.0641,-0.0806,0.0898,5.5969,0.9079,-22.1268,-0.0000,-0.0000,-0.0000,0.0000,-1.3515,1.0625,1.8669,0.0000
-5.7403,6.5842,-2.2607,0.3843,-0.2153,-0.4757,9.1248,6.6223,-20.6009,-0.0000,-0.0000,-0.0000,0.0000,-1.5459,0.8271,1.9719,0.0000
-6.7448,5.3961,-3.5871,-0.0460,-0.0174,0.0323,8.0048,9.9365,-24.9222,-0.0000,-0.0000,-0.0000,0.0000,-1.5174,0.6485,2.0993,0.0000
-5.6682,7.0540,-3.2479,-0.2003,0.0291,0.1786,11.8256,8.0856,-21.9971,-0.0000,-0.0000,-0.0000,0.0000,-1.4212,0.8142,2.0719,0.0000
-5.0098,6.8898,-2.5084,0.0066,0.0082,-0.0775,12.2513,4.2297,-21.7392,-0.0000,-0.0000,-0.0000,0.0000,-1.3817,0.9118,2.0569,0.0000
-5.1001,6.7303,-2.9809,0.1383,0.0265,-0.1050,11.6852,5.8792,-22.3206,-0.0000,-0.0000,-0.0000,0.0000,-1.4308,0.8319,2.0941,0.0000
-5.7193,6.5302,-2.9718,-0.0318,-0.0020,0.0263,11.2625,9.0240,-22.4106,-0.0000,-0.0000,-0.0000,0.0000,-1.4135,0.7922,2.0702,0.0000
-5.1786,6.8387,-2.7566,-0.0563,0.0440,0.0408,13.2599,7.5531,-21.8719,-0.0000,-0.0000,-0.0000,0.0000,-1.3773,0.8499,2.0613,0.0000
-4.0808,8.0344,-0.5862,-0.0918,-0.0235,0.0348,4.0985,-1.7181,-20.7458,-0.0000,-0.0000,-0.0000,0.0000,-1.2058,1.1299,1.7908,0.0000
-5.8835,6.4160,-3.1947,-0.1481,-0.0165,0.1332,10.7941,7.9956,-22.6974,-0.0000,-0.0000,-0.0000,0.0000,-1.4896,0.7346,2.1022,0.0000
-4.8842,6.3506,-2.7645,-0.3290,0.0474,0.3531,13.0310,6.2897,-21.7697,-0.0000,-0.0000,-0.0000,0.0000,-1.4336,0.8953,2.1225,0.0000
-3.8674,7.9983,-1.6918,0.0703,-0.0768,-0.0849,12.7762,-1.9104,-21.3455,-0.0000,-0.0000,-0.0000,0.0000,-1.4209,1.0219,2.0676,0.0000
-5.2551,6.1659,-3.4835,-0.0188,0.0436,0.0580,13.1393,2.7451,-21.9040,-0.0000,-0.0000,-0.0000,0.0000,-1.5237,0.8630,2.1250,0.0000
-4.0480,7.4823,-2.3767,-0.2697,0.0393,0.2555,13.3133,0.3006,-20.9366,-0.0000,-0.0000,-0.0000,0.0000,-1.4619,1.0312,2.0889,0.0000
-4.1546,7.7397,-2.6212,0.0170,-0.0887,-0.0200,11.8942,-0.8972,-21.8445,-0.0000,-0.0000,-0.0000,0.0000,-1.5185,0.9937,2.0812,0.0000
-4.3847,7.0693,-2.8930,-0.2069,-0.0802,0.1929,14.1052,-0.3265,-19.2459,-0.0000,-0.0000,-0.0000,0.0000,-1.5569,0.9524,2.1218,0.0000
-4.0566,7.5920,-2.5055,0.0575,-0.0734,-0.0436,12.0407,-0.5905,-19.6686,-0.0000,-0.0000,-0.0000,0.0000,-1.5694,0.9849,2.1092,0.0000
-4.7024,6.7676,-3.5039,-0.2388,0.0540,0.2003,12.8845,4.7104,-21.6599,-0.0000,-0.0000,-0.0000,0.0000,-1.6009,0.8358,2.1501,0.0000
-4.3927,6.5888,-3.5798,-0.1136,0.0340,0.1639,12.5824,1.3077,-19.6274,-0.0000,-0.0000,-0.0000,0.0000,-1.5482,0.9164,2.1767,0.0000
-3.9933,7.4593,-2.4644,0.1027,0.0476,-0.0858,11.3251,-0.2808,-20.3705,-0.0000,-0.0000,-0.0000,0.0000,-1.5561,1.0093,2.1349,0.0000
-4.7990,6.6413,-3.4074,0.2139,0.0327,-0.1872,14.3890,4.5654,-19.8883,-0.0000,-0.0000,-0.0000,0.0000,-1.5830,0.8235,2.2049,0.0000
-4.8659,6.8034,-3.4750,0.0347,0.0005,-0.0534,15.1154,3.0777,-19.6060,-0.0000,-0.0000,-0.0000,0.0000,-1.5423,0.8569,2.2201,0.0000
-3.9717,7.4440,-2.7704,-0.0592,-0.0180,0.1196,14.1907,-0.6378,-19.7632,-0.0000,-0.0000,-0.0000,0.0000,-1.4727,1.0092,2.1795,0.0000
-3.8236,7.5146,-3.0315,0.0660,0.0604,-0.0719,15.5350,-0.6271,-17.9993,-0.0000,-0.0000,-0.0000,0.0000,-1.5105,0.9779,2.1948,0.0000
-4.2632,7.1504,-3.1625,-0.0733,0.0687,0.0689,15.7486,2.4475,-17.9214,-0.0000,-0.0000,-0.0000,0.0000,-1.5164,0.9149,2.2374,0.0000
-3.7743,7.8528,-2.9399,-0.2936,0.0670,0.2065,14.9948,-2.7618,-18.1854,-0.0000,-0.0000,-0.0000,0.0000,-1.4532,1.0383,2.2155,0.0000
-3.6418,7.5730,-2.6332,-0.0341,0.0346,0.0359,14.1968,-1.4252,-19.8929,-0.0000,-0.0000,-0.0000,0.0000,-1.5069,1.0337,2.2143,0.0000
-4.0736,7.2507,-3.1408,0.0042,-0.0065,-0.0055,15.3076,-2.6825,-17.2012,-0.0000,-0.0000,-0.0000,0.0000,-1.5674,0.9542,2.2472,0.0000
-3.2303,4.2160,5.7842,-4.3791,5.9703,2.5531,17.2943,8.9340,-2.0325,-0.0000,-0.0000,-0.0000,0.0000,2.0713,1.0770,-0.0406,0.0000
0.9080,5.7086,6.1412,-0.0286,0.4633,0.1147,21.1197,8.9142,-3.2120,-0.0000,-0.0000,-0.0000,0.0000,2.5084,0.8572,-0.2264,0.0000
0.6818,5.2840,7.4263,0.2034,-0.1152,-0.1523,21.4661,6.4072,-5.2444,-0.0000,-0.0000,-0.0000,0.0000,2.0690,0.7605,-0.1489,0.0000
-1.5800,4.0508,8.1722,-0.1440,0.2151,0.0574,21.7880,3.7140,-1.2604,-0.0000,-0.0000,-0.0000,0.0000,1.8304,0.5976,0.1556,0.0000
-1.0829,3.7402,8.3447,-0.0056,0.0265,-0.0038,23.1583,2.2430,-2.6901,-0.0000,-0.0000,-0.0000,0.0000,1.7367,0.4868,0.1262,0.0000
-2.0116,2.9982,8.8755,0.0149,-0.0114,-0.1866,23.2132,4.0466,-0.5554,-0.0000,-0.0000,-0.0000,0.0000,1.5509,0.4289,0.2117,0.0000
-1.5351,4.0470,8.3385,0.4188,-0.3412,-0.1810,22.1191,3.1769,-3.2669,-0.0000,-0.0000,-0.0000,0.0000,1.3895,0.4612,0.1420,0.0000
-1.6487,4.2770,7.9375,-0.5373,0.6640,0.2242,21.5378,7.0343,-4.5059,-0.0000,-0.0000,-0.0000,0.0000,1.2683,0.3829,0.2086,1.0000
-0.8309,3.3167,8.2688,-0.0490,-0.1068,-0.3055,20.6696,8.3008,-8.0948,-0.0000,-0.0000,-0.0000,0.0000,0.9428,0.3432,0.0317,1.0000
-1.2452,4.3468,7.6675,0.1095,0.0973,0.0410,21.4493,11.3922,-9.8053,-0.0000,-0.0000,-0.0000,0.0000,0.8865,0.4628,0.0805,1.0000
-1.6757,4.7173,7.1412,0.2397,0.4763,0.5512,22.0947,8.3130,-6.7047,-0.0000,-0.0000,-0.0000,0.0000,1.1703,0.5013,0.1917,1.0000
-0.5838,4.6732,7.8704,0.0064,0.0478,-0.0161,19.4046,9.0057,-11.0001,-0.0000,-0.0000,-0.0000,0.0000,1.0199,0.4868,0.0582,1.0000
-0.5267,4.4527,8.2014,0.0136,0.0214,0.0261,20.8389,9.2667,-11.9476,-0.0000,-0.0000,-0.0000,0.0000,1.0029,0.5067,0.0460,1.0000
-1.4252,4.0957,8.8245,-0.8667,1.2750,0.1969,23.1476,8.1879,-10.5087,-0.0000,-0.0000,-0.0000,0.0000,1.0855,0.3507,0.2408,1.0000
-1.9886,3.9805,8.4431,0.1169,-0.2677,-0.1397,22.5662,7.2830,-3.7354,-0.0000,-0.0000,-0.0000,0.0000,1.0903,0.4509,0.2447,1.0000
-2.0923,3.9864,8.0310,-0.1115,0.0295,-0.0285,23.5260,8.7296,-7.0541,-0.0000,-0.0000,-0.0000,0.0000,1.0283,0.4226,0.2107,1.0000
-2.4163,4.3432,7.8121,-0.0597,0.0078,-0.0236,22.5449,11.5479,-6.1737,-0.0000,-0.0000,-0.0000,0.0000,0.9407,0.4581,0.2684,1.0000
-1.2979,4.4833,7.4838,-0.0085,0.1103,0.0685,22.4716,11.7126,-7.8323,-0.0000,-0.0000,-0.0000,0.0000,0.9378,0.5077,0.1679,1.0000
-1.2142,4.9228,8.0411,-0.0929,0.0485,0.0638,22.4823,11.6440,-10.0113,-0.0000,-0.0000,-0.0000,0.0000,0.9147,0.5161,0.1489,1.0000
-1.8528,4.6863,7.2528,0.2712,-0.0508,-0.1258,23.8358,11.9003,-10.5087,-0.0000,-0.0000,-0.0000,0.0000,0.8166,0.5426,0.1397,1.0000
-1.9074,4.8601,7.1720,0.0509,0.0199,0.0847,23.3536,12.3672,-10.4584,-0.0000,-0.0000,-0.0000,0.0000,0.8498,0.5623,0.1926,1.0000
-4.8468,5.1419,5.4319,-0.0678,-0.3080,0.0804,22.9813,14.2914,-2.0966,-0.0000,-0.0000,-0.0000,0.0000,0.6917,0.6345,0.6517,1.0000
-3.0310,2.4845,8.4425,0.1080,-0.5726,-0.1944,24.1180,11.6318,-2.5269,-0.0000,-0.0000,-0.0000,0.0000,0.9784,0.2712,0.3519,1.0000
-1.4044,4.5965,7.8992,-0.1095,0.1782,0.2364,26.3702,10.0189,-4.9088,-0.0000,-0.0000,-0.0000,0.0000,1.0529,0.5073,0.2421,1.0000
-1.3755,2.8493,9.5045,1.2668,-1.3564,-0.5698,25.4440,8.2870,-8.0460,-0.0000,-0.0000,-0.0000,0.0000,1.1343,0.3782,0.0600,1.0000
1.4335,4.6244,9.8005,0.0192,0.1328,0.6092,23.7030,7.0816,-8.0612,-0.0000,-0.0000,-0.0000,0.0000,1.2166,0.5196,-0.0576,1.0000
-2.2498,7.2317,1.6691,-0.6835,1.0982,0.3921,24.8260,18.7775,4.4525,-0.0000,-0.0000,-0.0000,0.0000,-0.4470,1.2191,0.7186,1.0000
-2.9274,7.6126,1.3748,-0.0414,-0.2837,-0.0800,21.3364,14.3738,-7.5531,-0.0000,-0.0000,-0.0000,0.0000,-0.2577,1.1906,0.8106,1.0000
-3.9450,7.7086,2.6526,0.0213,-0.0225,-0.0702,10.5042,11.4334,-17.3035,-0.0000,-0.0000,-0.0000,0.0000,-0.3352,1.0746,0.7152,1.0000
1.0693,5.1518,8.6586,-0.4636,-0.0012,-0.3110,18.7698,7.4890,-8.6487,-0.0000,-0.0000,-0.0000,0.0000,1.5642,0.6286,0.0374,1.0000
-0.5318,6.1606,6.2578,-0.0056,0.0725,0.1115,20.3949,11.9141,-6.5384,-0.0000,-0.0000,-0.0000,0.0000,1.4121,0.8492,0.1505,1.0000