e70c4664-4450-4133-bbe5-052ac79d9bfc,DS,1659772092967
Accelerometer x,Accelerometer y,Accelerometer z,Gyroscope x,Gyroscope y,Gyroscope z,Magnetometer x,Magnetometer y,Magnetometer z,GPS-Longitude,GPS-Latitude,GPS-Speed,Proximity_ON/OFF,Orientation yaw,Orientation pitch,Orientation roll,Screen
-2.1049,6.1922,5.9924,0.0688,-0.1514,-0.0504,-55.2689,-4.8416,-4.4724,-0.0000,-0.0000,-0.0000,0.0000,-1.7239,0.7688,0.2065,1.0000
-1.5661,6.1422,6.1065,-0.0149,0.0587,0.1045,-53.7094,-0.3265,-4.9957,-0.0000,-0.0000,-0.0000,0.0000,-1.6143,0.7586,0.1715,1.0000
-1.1066,6.1035,6.3672,0.0317,-0.0559,-0.0257,-52.2202,2.6123,-5.4825,-0.0000,-0.0000,-0.0000,0.0000,-1.6029,0.7505,0.1705,1.0000
-1.0940,6.0688,6.4176,-0.0222,0.2528,-0.0376,-53.7857,-2.5467,-2.2354,-0.0000,-0.0000,-0.0000,0.0000,-1.6962,0.7534,0.2178,1.0000
-1.5982,5.9107,6.7511,0.1423,-0.2227,0.0985,-53.0075,3.4042,-8.5297,-0.0000,-0.0000,-0.0000,0.0000,-1.5515,0.7393,0.1793,1.0000
-0.8230,6.0811,6.4269,-0.1425,-0.1224,-0.0811,-52.6215,5.7007,-9.8557,-0.0000,-0.0000,-0.0000,0.0000,-1.4738,0.7093,0.1494,1.0000
-0.8889,5.7923,6.5196,-0.0558,-0.0493,-0.0308,-51.9241,7.1198,-8.1451,-0.0000,-0.0000,-0.0000,0.0000,-1.4587,0.7044,0.1112,1.0000
-1.2077,2.8969,9.5266,0.7527,0.4861,-1.3831,-25.4486,32.5638,-29.6814,-0.0000,-0.0000,-0.0000,0.0000,-1.0247,0.2664,0.7485,1.0000
2.6241,4.7208,7.7407,0.0198,0.0010,0.0548,-38.5406,33.9249,-5.6198,-0.0000,-0.0000,-0.0000,0.0000,-0.8225,0.5332,-0.2594,1.0000
1.8254,4.3626,9.7340,0.6500,1.1142,-1.0976,-48.3566,14.3036,-17.4805,-0.0000,-0.0000,-0.0000,0.0000,-1.1265,0.4552,0.3750,1.0000
1.7411,6.7677,7.3310,0.0967,0.1328,0.0199,-52.4734,12.2803,-1.4481,-0.0000,-0.0000,-0.0000,0.0000,-1.3499,0.6497,-0.0476,1.0000
-0.3476,5.2806,6.5961,-0.1140,-0.0564,-0.0095,-53.6362,7.6096,-0.0076,-0.0000,-0.0000,-0.0000,0.0000,-1.4007,0.6485,-0.0077,1.0000
0.5844,4.6442,8.0577,-0.0162,0.1041,0.0663,-49.7864,15.5563,-2.8900,-0.0000,-0.0000,-0.0000,0.0000,-1.2597,0.5669,-0.0231,1.0000
-0.2315,5.0186,7.4424,0.0618,0.0461,-0.0210,-50.4578,11.0657,-5.0491,-0.0000,-0.0000,-0.0000,0.0000,-1.3861,0.6197,0.0205,1.0000
0.3823,5.2652,7.6028,0.0106,-0.0293,-0.0871,-50.6058,9.0881,-4.1016,-0.0000,-0.0000,-0.0000,0.0000,-1.3828,0.6141,0.0260,1.0000
-0.3402,4.7427,7.3389,-0.2691,-0.0186,0.2990,-47.2366,15.1978,-3.1158,-0.0000,-0.0000,-0.0000,0.0000,-1.2534,0.5304,-0.0137,1.0000
-0.0663,4.4259,7.3978,0.0652,-0.0276,-0.0082,-44.7006,16.4932,-3.0838,-0.0000,-0.0000,-0.0000,0.0000,-1.2569,0.5576,-0.0063,1.0000
-0.3476,4.8700,7.4320,0.0364,0.0050,0.0819,-48.7305,14.4806,-5.8426,-0.0000,-0.0000,-0.0000,0.0000,-1.2809,0.5870,0.0004,1.0000
0.2887,4.7165,7.5212,0.1129,0.0025,-0.0508,-47.3816,14.1785,-4.5227,-0.0000,-0.0000,-0.0000,0.0000,-1.2641,0.5725,-0.0326,1.0000
-0.0419,5.1885,7.4889,-0.0676,0.0084,0.0889,-48.4909,13.2141,-3.8498,-0.0000,-0.0000,-0.0000,0.0000,-1.2869,0.5848,-0.0090,1.0000
0.0457,5.5320,7.4126,0.2350,-0.1380,-0.1203,-48.7137,10.4477,-2.6581,-0.0000,-0.0000,-0.0000,0.0000,-1.3361,0.6636,-0.0082,1.0000
-1.1105,4.4683,7.8773,0.3372,-0.5585,-0.0898,-45.0348,16.5527,-16.8503,-0.0000,-0.0000,-0.0000,0.0000,-1.2901,0.5294,0.2120,1.0000
1.1994,3.3416,8.7565,0.0345,0.0909,-0.2801,-44.4336,21.6080,-0.7248,-0.0000,-0.0000,-0.0000,0.0000,-1.2193,0.3544,0.0256,1.0000
-1.3930,5.8141,6.3533,0.0051,-0.1731,0.0576,-47.3953,9.7977,-11.4792,-0.0000,-0.0000,-0.0000,0.0000,-1.3507,0.7271,0.1272,1.0000
-1.9566,5.1509,6.6527,-0.0859,0.0973,0.1658,-43.1854,13.3438,-15.7455,-0.0000,-0.0000,-0.0000,0.0000,-1.2884,0.6288,0.2396,1.0000
-1.9460,5.2587,6.6185,-0.0531,0.0020,-0.0389,-42.8787,15.4022,-16.9174,-0.0000,-0.0000,-0.0000,0.0000,-1.2998,0.6324,0.2779,1.0000
-4.4642,4.5434,8.3379,-0.3712,1.9992,0.2939,-36.3480,21.2952,-28.0228,-0.0000,-0.0000,-0.0000,0.0000,-1.0955,0.4216,0.8136,1.0000
-1.8774,5.1017,7.4084,0.4725,-0.0470,0.3785,-52.1301,-1.5854,-0.5646,-0.0000,-0.0000,-0.0000,0.0000,-1.5732,0.7486,0.0941,1.0000
-0.4458,5.6295,6.5472,-1.2743,1.3681,-0.1248,-49.6185,5.6412,-5.2673,-0.0000,-0.0000,-0.0000,0.0000,-1.4381,0.4772,0.3416,1.0000
-2.6888,5.1328,11.2641,-0.6437,-1.0871,-0.1273,-44.0720,16.0980,-17.7917,-0.0000,-0.0000,-0.0000,0.0000,-1.2477,0.2300,0.1841,1.0000
-0.9521,6.9651,3.6195,-0.0386,0.3783,0.3976,-42.9810,-13.4537,53.8681,-0.0000,-0.0000,-0.0000,0.0000,-1.8730,1.1548,-0.1274,1.0000
-0.3256,7.6076,2.4927,-0.4664,0.3176,-0.0658,-49.0067,-19.4702,42.2134,-0.0000,-0.0000,-0.0000,0.0000,-2.0504,1.0800,-0.0035,1.0000
-0.4981,7.4242,3.3568,-0.2075,-0.0753,-0.0381,-46.0297,-22.8104,40.7196,-0.0000,-0.0000,-0.0000,0.0000,-2.1882,1.0533,-0.0221,1.0000
1.4576,2.2720,9.4998,-0.1334,0.1218,-0.5362,-42.0715,28.3661,-6.9229,-0.0000,-0.0000,-0.0000,0.0000,-1.2655,0.2616,0.1468,1.0000
0.6932,4.3157,7.5529,0.0873,0.0091,-0.1565,-47.0306,19.5358,-3.3707,-0.0000,-0.0000,-0.0000,0.0000,-1.4060,0.5613,-0.0319,1.0000
-5.4382,2.5117,7.5727,1.0448,-1.6594,0.3356,-41.8732,20.5475,-19.1254,-0.0000,-0.0000,-0.0000,0.0000,-1.3060,0.5906,0.2885,1.0000
-0.9074,4.4451,8.1085,-0.0262,-0.0710,-0.0042,-43.9011,22.7829,-14.5721,-0.0000,-0.0000,-0.0000,0.0000,-1.1962,0.5603,0.1540,1.0000
-0.9817,4.6838,7.9736,0.0558,-0.0033,-0.0266,-42.2379,20.8923,-9.8221,-0.0000,-0.0000,-0.0000,0.0000,-1.1851,0.5866,0.1404,1.0000
-0.3702,5.0551,7.5236,0.0498,-0.0210,-0.0843,-45.2774,21.9452,-8.1970,-0.0000,-0.0000,-0.0000,0.0000,-1.1788,0.6120,0.0887,1.0000
-1.1086,4.6736,7.3032,-0.0411,-0.0112,0.1019,-45.2667,20.6070,-8.1635,-0.0000,-0.0000,-0.0000,0.0000,-1.1458,0.5993,0.0774,1.0000
-1.0756,4.4668,7.3103,-0.0669,0.0463,0.0322,-51.0559,5.2185,-3.2639,-0.0000,-0.0000,-0.0000,0.0000,-1.5119,0.5910,0.1033,1.0000
-0.8597,4.9775,7.5988,0.0296,0.0536,0.0429,-51.5533,7.0969,-2.1957,-0.0000,-0.0000,-0.0000,0.0000,-1.4787,0.5864,0.1032,1.0000
-0.8509,5.1515,7.4106,-0.0993,-0.0120,0.1008,-47.6120,12.9929,-4.3488,-0.0000,-0.0000,-0.0000,0.0000,-1.3425,0.6041,0.0761,1.0000
-0.4744,4.8946,7.4570,-0.0328,-0.0250,0.0291,-48.9014,14.7049,-3.6728,-0.0000,-0.0000,-0.0000,0.0000,-1.2957,0.5890,0.0488,1.0000
-0.4122,5.0828,7.5223,-0.0511,0.0003,0.0710,-47.4014,15.5075,-2.3758,-0.0000,-0.0000,-0.0000,0.0000,-1.2789,0.5917,0.0427,1.0000
-0.2658,4.9352,7.4792,0.0428,0.0054,0.0399,-48.2193,18.0939,-2.0111,-0.0000,-0.0000,-0.0000,0.0000,-1.2486,0.5935,0.0273,1.0000
-0.7969,4.4310,8.7291,1.2319,0.5389,-0.6259,-47.1741,19.7083,-7.1365,-0.0000,-0.0000,-0.0000,0.0000,-1.3638,0.6650,0.3027,1.0000
-0.1322,3.0706,6.9814,-0.2233,-0.0157,0.0367,-45.6207,22.6303,-4.0131,-0.0000,-0.0000,-0.0000,0.0000,-1.1326,0.4397,0.0472,1.0000
-0.5932,3.6082,8.4700,0.0354,0.0387,0.1053,-45.3110,22.5464,-2.1240,-0.0000,-0.0000,-0.0000,0.0000,-1.1028,0.4420,0.0256,1.0000
-0.6694,4.0447,7.8371,-0.0437,-0.0061,0.2221,-45.3705,21.2952,-4.1229,-0.0000,-0.0000,-0.0000,0.0000,-1.1002,0.4672,0.0071,1.0000
-0.0182,4.2197,8.1692,0.0746,-0.0578,-0.0114,-46.0083,21.6812,-4.3747,-0.0000,-0.0000,-0.0000,0.0000,-1.1329,0.4890,-0.0126,1.0000
0.0187,4.3867,8.4066,0.0096,0.0148,0.1049,-46.2463,20.3293,-2.4673,-0.0000,-0.0000,-0.0000,0.0000,-1.1281,0.5241,-0.0265,1.0000
0.1212,4.8267,7.7914,0.0424,-0.0517,-0.0668,-47.8958,19.2963,-5.2658,-0.0000,-0.0000,-0.0000,0.0000,-1.1851,0.5528,-0.0030,1.0000
-0.1913,4.9083,7.4429,-0.0377,0.0395,0.0495,-46.6766,17.7505,-8.1268,-0.0000,-0.0000,-0.0000,0.0000,-1.1886,0.5605,0.0071,1.0000
-0.5739,4.7350,7.6343,0.1317,-0.0233,-0.0670,-47.1359,16.8884,-10.4477,-0.0000,-0.0000,-0.0000,0.0000,-1.2641,0.6062,0.1097,1.0000
-1.6834,5.7673,6.4847,-0.0765,-0.1716,-0.0709,-52.5009,11.3007,-10.7452,-0.0000,-0.0000,-0.0000,0.0000,-1.4185,0.7301,0.2042,1.0000
-1.3392,6.0422,5.7599,-0.2700,-0.0930,-0.0617,-52.2659,9.9503,-7.7744,-0.0000,-0.0000,-0.0000,0.0000,-1.4208,0.6782,0.1454,1.0000
-2.0952,5.6374,5.8724,-0.2156,0.0760,0.1594,-53.4546,8.8257,-6.7993,-0.0000,-0.0000,-0.0000,0.0000,-1.4811,0.7110,0.1510,1.0000
-1.2576,6.0831,6.9997,0.0388,0.1499,0.1396,-52.0325,11.3770,-8.9310,-0.0000,-0.0000,-0.0000,0.0000,-1.4114,0.7287,0.1864,1.0000
-1.3918,5.3265,6.9610,-0.2823,0.0304,0.0836,-49.6063,17.5644,-10.8292,-0.0000,-0.0000,-0.0000,0.0000,-1.2332,0.6355,0.1189,1.0000
0.0575,4.6498,7.7531,-0.0288,-0.0593,-0.0866,-50.0961,17.2272,-7.6004,-0.0000,-0.0000,-0.0000,0.0000,-1.2226,0.5926,0.0666,1.0000
0.0400,4.9455,6.9704,-0.0865,0.0116,-0.0072,-49.1501,18.1854,-7.4493,-0.0000,-0.0000,-0.0000,0.0000,-1.2309,0.5775,0.0286,1.0000
-0.0070,4.1974,8.1020,-0.0373,0.0042,0.0329,-47.6349,16.9403,-6.1020,-0.0000,-0.0000,-0.0000,0.0000,-1.2172,0.5518,0.0071,1.0000
-0.3307,4.3000,7.9675,0.2731,0.1213,0.0870,-47.4670,17.5873,-9.1202,-0.0000,-0.0000,-0.0000,0.0000,-1.2059,0.5876,0.0312,1.0000
-0.8126,4.8775,7.3970,0.1089,0.0385,0.0171,-49.4431,15.2679,-7.8354,-0.0000,-0.0000,-0.0000,0.0000,-1.2416,0.5839,0.0542,1.0000
-1.2700,5.0150,6.9305,-0.0573,-0.0410,0.1279,-47.3099,16.9510,-7.4463,-0.0000,-0.0000,-0.0000,0.0000,-1.2280,0.5765,0.0392,1.0000
0.0518,5.5126,7.6639,0.2316,0.0410,-0.0839,-45.9579,18.0801,-9.1705,-0.0000,-0.0000,-0.0000,0.0000,-1.1983,0.5938,0.0589,1.0000
-0.3593,5.0840,7.6763,0.0224,0.0647,0.1464,-47.2473,19.7937,-8.7189,-0.0000,-0.0000,-0.0000,0.0000,-1.1417,0.5876,0.0394,1.0000
-0.1903,5.1015,7.3109,-0.0531,-0.0321,0.0565,-46.7606,18.4601,-8.5236,-0.0000,-0.0000,-0.0000,0.0000,-1.1690,0.5831,0.0290,1.0000
-0.0915,4.9229,7.5892,0.0618,-0.0140,-0.0001,-48.6786,19.1391,-7.5378,-0.0000,-0.0000,-0.0000,0.0000,-1.1744,0.5939,0.0247,1.0000
-0.1757,6.0049,5.7265,0.3306,-0.1769,-0.0108,-46.9391,13.2751,-12.3810,-0.0000,-0.0000,-0.0000,0.0000,-1.2849,0.8403,0.1708,1.0000
-1.0614,4.8793,6.9340,-0.2284,0.2081,0.1814,-47.5937,11.9781,-6.5765,-0.0000,-0.0000,-0.0000,0.0000,-1.2882,0.5819,0.0996,1.0000
-0.6653,5.0420,7.4931,0.1806,-0.0197,-0.1222,-46.9635,14.9994,-10.2463,-0.0000,-0.0000,-0.0000,0.0000,-1.3215,0.6115,0.1292,1.0000
-1.6129,4.1827,7.6998,0.0419,0.0042,-0.0310,-46.7148,15.6479,-13.4125,-0.0000,-0.0000,-0.0000,0.0000,-1.2976,0.5276,0.2245,1.0000
-2.0047,4.9528,7.3122,-0.0539,0.0751,0.0934,-45.5994,16.1407,-14.5996,-0.0000,-0.0000,-0.0000,0.0000,-1.2666,0.5676,0.2278,1.0000
-1.2962,5.1188,7.3591,-0.0062,-0.0274,-0.1480,-44.7250,15.6769,-13.7390,-0.0000,-0.0000,-0.0000,0.0000,-1.2689,0.5716,0.2218,1.0000
-1.6346,4.5053,7.5441,-0.0030,0.0120,0.0949,-45.1996,14.8788,-12.9028,-0.0000,-0.0000,-0.0000,0.0000,-1.2288,0.5444,0.1897,1.0000
-1.8914,4.4357,7.8675,0.0390,0.0044,0.1045,-46.2402,14.6973,-11.1969,-0.0000,-0.0000,-0.0000,0.0000,-1.2497,0.5657,0.1949,1.0000
-1.6144,5.0130,7.2334,-0.0458,-0.0180,-0.1199,-46.3120,13.8321,-11.6272,-0.0000,-0.0000,-0.0000,0.0000,-1.3105,0.5744,0.2289,1.0000
-1.7902,5.0024,7.0726,-0.0761,-0.0267,-0.0807,-44.7113,13.6261,-13.1607,-0.0000,-0.0000,-0.0000,0.0000,-1.3078,0.5696,0.2569,1.0000
-1.7656,4.7826,7.2055,0.0479,-0.0382,-0.0072,-45.5994,14.3936,-11.6241,-0.0000,-0.0000,-0.0000,0.0000,-1.2844,0.5645,0.2218,1.0000
-1.9577,4.7796,7.4194,-0.0015,-0.0142,0.0700,-47.4930,13.6688,-13.9847,-0.0000,-0.0000,-0.0000,0.0000,-1.3038,0.5675,0.2298,1.0000
-1.6833,4.9918,7.0837,0.0132,-0.0071,0.0203,-44.3329,14.7232,-10.9238,-0.0000,-0.0000,-0.0000,0.0000,-1.3002,0.5891,0.2165,1.0000
-1.3038,5.2139,7.1420,0.0630,-0.0348,-0.0146,-46.5454,12.8815,-11.0840,-0.0000,-0.0000,-0.0000,0.0000,-1.3367,0.6254,0.1824,1.0000
-0.5067,4.6298,8.2420,0.1954,0.0977,0.0691,-49.0158,9.5062,-4.4464,-0.0000,-0.0000,-0.0000,0.0000,-1.4174,0.5935,0.0570,1.0000
-0.9408,3.7689,8.4116,-0.0767,0.5087,-0.5758,-45.6833,13.7543,-9.8816,-0.0000,-0.0000,-0.0000,0.0000,-1.3783,0.4044,0.2398,1.0000
-4.3132,6.0430,4.8776,-0.7642,-0.6597,0.0316,-42.2302,4.4632,-17.9031,-0.0000,-0.0000,-0.0000,0.0000,-1.4410,0.6049,0.3705,1.0000
-8.6570,-3.3460,1.2999,0.1449,0.9037,-0.4882,-39.2014,-18.7607,71.0876,-0.0000,-0.0000,-0.0000,1.0000,1.9332,0.5812,2.0861,1.0000
-9.1006,2.0862,-3.4542,0.0087,-0.0572,-0.0187,-30.0369,-12.7426,74.9298,-0.0000,-0.0000,-0.0000,1.0000,1.7841,0.3820,1.9922,1.0000
-9.1115,2.4813,-3.5610,0.0462,-0.0981,0.0514,-27.9068,-11.3022,76.5274,-0.0000,-0.0000,-0.0000,1.0000,1.7252,0.2984,1.9389,1.0000
-9.2400,2.8264,-3.0341,0.0268,-0.0610,0.0297,-17.0029,-13.2889,78.8101,-0.0000,-0.0000,-0.0000,1.0000,1.7276,0.2930,1.8358,1.0000
-10.2333,0.9478,-2.4140,0.1719,0.1179,0.0250,-13.7939,-6.3889,78.5690,-0.0000,-0.0000,-0.0000,1.0000,1.6071,0.1773,1.8008,1.0000
-9.4944,1.1048,-3.2672,0.2765,-0.1143,0.0357,-14.9567,0.4547,77.7664,-0.0000,-0.0000,-0.0000,1.0000,1.4455,0.1637,1.8312,1.0000
-9.1331,1.1451,-4.4750,0.1632,-0.0069,0.1430,-28.6316,3.0533,71.1853,-0.0000,-0.0000,-0.0000,1.0000,1.3295,0.1978,1.9917,1.0000
-9.3891,1.7561,-3.3644,-0.3109,0.5460,0.2530,-39.0427,-2.5589,61.0626,-0.0000,-0.0000,-0.0000,1.0000,1.4353,0.2974,2.0702,1.0000
-8.2720,2.3739,-4.5923,0.1048,-0.0932,-0.0055,-33.7723,2.1393,66.0400,-0.0000,-0.0000,-0.0000,1.0000,1.3822,0.2484,2.0486,1.0000
-9.1613,1.6508,-4.3302,-1.5123,1.9052,0.6887,-53.4332,-2.5101,41.7480,-0.0000,-0.0000,-0.0000,1.0000,1.6142,0.5937,2.3886,1.0000
-8.2386,3.0543,-4.2419,0.2190,-1.1210,-0.3890,-33.9508,8.1528,60.1715,-0.0000,-0.0000,-0.0000,1.0000,1.2721,0.2587,1.8366,1.0000
-9.5237,1.7264,-2.7906,0.0354,0.0235,-0.0368,-11.0901,9.3719,69.3710,-0.0000,-0.0000,-0.0000,1.0000,1.3271,0.2027,1.8532,1.0000
-9.8021,1.6162,-2.2160,-0.1641,0.0900,0.0201,-5.6198,12.1277,69.1406,-0.0000,-0.0000,-0.0000,1.0000,1.3350,0.1873,1.8070,1.0000
-8.8670,2.1987,-3.7828,0.2836,-0.0691,0.0088,-23.3627,14.1022,66.0065,-0.0000,-0.0000,-0.0000,1.0000,1.2568,0.2047,1.9633,1.0000
-8.6021,1.0979,-5.1064,-0.0381,0.0129,-0.0127,-32.7347,26.7731,57.9300,-0.0000,-0.0000,-0.0000,1.0000,1.1855,0.1259,2.0899,1.0000
-8.3611,3.2126,-3.8987,0.0746,-0.0755,-0.0170,-33.5968,14.4424,50.6516,-0.0000,-0.0000,-0.0000,1.0000,1.3495,0.3136,2.0318,1.0000
-9.3210,2.1369,-2.6447,-0.0812,-0.2619,-0.0668,-13.0539,18.1580,58.2245,-0.0000,-0.0000,-0.0000,1.0000,1.2605,0.2050,1.7913,1.0000
-9.2343,2.6836,-2.5078,0.0434,-0.2419,-0.0500,-9.4604,7.0251,56.9443,-0.0000,-0.0000,-0.0000,1.0000,1.3934,0.2465,1.7778,1.0000
-9.7323,1.7641,-1.4082,-0.0910,-0.0280,0.1006,4.9026,12.0316,56.8848,-0.0000,-0.0000,-0.0000,1.0000,1.3535,0.2062,1.6634,1.0000
-9.7650,2.1662,-1.3557,0.0004,0.0063,-0.0148,-0.8224,10.6064,58.2016,-0.0000,-0.0000,-0.0000,1.0000,1.3457,0.2032,1.7233,1.0000
-9.5575,1.8050,-1.8039,0.0036,0.0604,0.0312,-6.8039,12.0972,58.7631,-0.0000,-0.0000,-0.0000,1.0000,1.3599,0.1965,1.7549,1.0000
-9.6260,2.2303,-1.8231,0.0535,-0.0421,-0.0008,-4.5532,10.8002,56.2225,-0.0000,-0.0000,-0.0000,1.0000,1.3525,0.2155,1.7536,1.0000
-9.4120,2.3106,-2.1430,0.0213,-0.0010,-0.0063,-9.3903,7.6523,57.9819,-0.0000,-0.0000,-0.0000,1.0000,1.4015,0.2353,1.8087,1.0000
-9.4940,2.5700,-2.3721,0.0822,-0.1612,-0.0798,-4.1641,11.7508,56.5094,-0.0000,-0.0000,-0.0000,1.0000,1.3454,0.2087,1.7638,1.0000
-9.4213,2.3154,-1.7951,0.0662,-0.0417,-0.0114,-0.9033,12.1124,56.2073,-0.0000,-0.0000,-0.0000,1.0000,1.3437,0.2096,1.7488,1.0000
-9.4495,1.9725,-1.9177,-0.0460,-0.1256,-0.0617,0.2029,12.3596,57.2830,-0.0000,-0.0000,-0.0000,1.0000,1.3510,0.1887,1.6918,1.0000
-9.7304,1.8378,-1.2376,-0.0431,-0.0589,0.0067,1.1597,13.0096,55.7877,-0.0000,-0.0000,-0.0000,1.0000,1.3499,0.1721,1.6876,1.0000
-9.0441,2.5459,-3.2312,0.1653,-0.1959,0.0331,-11.9522,11.0153,55.8777,-0.0000,-0.0000,-0.0000,1.0000,1.3257,0.2632,1.8696,1.0000
-9.5238,1.7873,-2.0232,-0.1562,-0.0029,0.0851,-2.4933,11.4563,56.7841,-0.0000,-0.0000,-0.0000,1.0000,1.3413,0.2161,1.7639,1.0000
-9.0532,2.3987,-3.2826,0.2160,-0.0638,-0.1228,-15.8203,17.9001,54.7775,-0.0000,-0.0000,-0.0000,1.0000,1.2777,0.2000,1.9025,1.0000
-8.7590,2.2118,-3.9019,0.0224,0.0127,-0.0170,-22.1817,17.3386,54.7791,-0.0000,-0.0000,-0.0000,1.0000,1.3043,0.2185,1.9983,1.0000
-8.9208,2.0986,-4.0221,-0.0431,0.1395,0.0536,-24.7711,13.9236,52.7695,-0.0000,-0.0000,-0.0000,1.0000,1.3257,0.2352,2.0226,1.0000
-8.1231,2.8710,-4.8310,0.0287,-0.1092,0.0065,-27.8748,15.3885,50.5478,-0.0000,-0.0000,-0.0000,1.0000,1.3275,0.2868,2.0724,1.0000
-8.5576,2.5111,-4.6026,0.0477,-0.0990,-0.0251,-27.9678,17.0410,50.7309,-0.0000,-0.0000,-0.0000,1.0000,1.2975,0.2547,2.0500,1.0000
-8.7863,2.6155,-4.0075,-0.0648,0.0157,-0.0304,-24.6170,14.7949,52.3010,-0.0000,-0.0000,-0.0000,1.0000,1.3275,0.2526,2.0194,1.0000
-8.5471,2.6104,-4.5103,0.0590,-0.0870,-0.0602,-29.9637,17.4042,51.4206,-0.0000,-0.0000,-0.0000,1.0000,1.3131,0.2363,2.0100,1.0000
-8.6763,2.2167,-4.0742,-0.0034,-0.0293,0.0156,-22.1863,18.4464,53.7750,-0.0000,-0.0000,-0.0000,1.0000,1.2752,0.2208,1.9851,1.0000
-8.6661,2.0765,-3.9103,-0.1053,0.0662,0.0429,-21.8735,19.7159,52.9236,-0.0000,-0.0000,-0.0000,1.0000,1.2496,0.2163,2.0009,1.0000
-7.9976,3.0380,-4.2442,0.1521,-0.1407,-0.0029,-22.0184,18.5364,51.8982,-0.0000,-0.0000,-0.0000,1.0000,1.2617,0.2692,2.0043,1.0000
-9.0280,2.4850,-3.4893,0.0437,-0.0282,-0.1109,-12.0117,18.2602,56.3705,-0.0000,-0.0000,-0.0000,1.0000,1.2414,0.2087,1.9411,1.0000
-8.8437,1.9244,-3.9396,-0.1023,0.0365,0.1089,-20.7047,20.0241,57.7576,-0.0000,-0.0000,-0.0000,1.0000,1.2357,0.2470,1.9869,1.0000
-8.1324,3.8004,-3.6883,-0.0874,-0.2677,-0.0255,-28.6240,16.5375,55.4626,-0.0000,-0.0000,-0.0000,1.0000,1.3156,0.2857,1.9285,1.0000
-8.7709,3.3517,-2.5088,0.0799,0.0180,0.0248,-16.2613,4.0359,53.0106,-0.0000,-0.0000,-0.0000,1.0000,1.4819,0.3476,1.8847,1.0000
-9.1136,2.6360,-3.3654,0.0974,0.3374,-0.0065,-15.7150,12.9257,57.3868,-0.0000,-0.0000,-0.0000,1.0000,1.3186,0.2703,1.9860,1.0000
-8.9464,2.0582,-4.0080,0.7864,-0.3472,-0.1488,-13.0814,35.2844,52.2324,-0.0000,-0.0000,-0.0000,1.0000,0.9122,0.1037,1.9124,1.0000
-8.5802,1.7447,-4.4571,-0.1093,0.1870,-0.0715,-29.4388,22.0657,50.3403,-0.0000,-0.0000,-0.0000,1.0000,1.2555,0.1894,2.0851,1.0000
-8.9729,1.7196,-4.1387,-0.3132,0.1818,0.0152,-26.6464,20.2850,51.8097,-0.0000,-0.0000,-0.0000,1.0000,1.2862,0.2307,2.0545,1.0000
-8.9485,1.9974,-4.1082,-0.0505,0.0451,-0.0251,-24.4339,20.2209,55.1010,-0.0000,-0.0000,-0.0000,1.0000,1.2651,0.2008,2.0107,1.0000
-8.9581,2.1762,-4.2266,-0.0181,0.0666,-0.0193,-23.8586,19.7708,52.0447,-0.0000,-0.0000,-0.0000,1.0000,1.2688,0.2110,2.0277,1.0000
-9.0782,1.5387,-4.5318,-0.0405,0.0826,0.0606,-23.4833,21.4233,53.8162,-0.0000,-0.0000,-0.0000,1.0000,1.1909,0.1980,2.0349,1.0000
-8.6409,1.8990,-4.4982,0.0098,-0.0365,0.0576,-19.2017,24.5636,51.9684,-0.0000,-0.0000,-0.0000,1.0000,1.1396,0.2017,2.0053,1.0000
-8.6763,2.4608,-4.1253,-0.1634,-0.4283,-0.0875,-10.9467,16.4017,52.7603,-0.0000,-0.0000,-0.0000,1.0000,1.1995,0.2329,1.8507,1.0000
-9.3790,2.4568,-3.5298,0.2637,0.2451,0.0668,-12.5443,20.8191,46.7453,-0.0000,-0.0000,-0.0000,1.0000,1.0825,0.2241,1.9315,1.0000
-8.7178,2.1353,-4.3932,0.5563,-0.2600,0.0657,-8.5266,28.0609,43.2083,-0.0000,-0.0000,-0.0000,1.0000,0.8294,0.1951,1.9211,1.0000
-8.2761,2.9618,-4.2187,-0.5173,0.4790,0.0768,-20.9229,20.9961,34.6481,-0.0000,-0.0000,-0.0000,1.0000,1.0096,0.4099,2.1253,1.0000
-7.6412,3.9943,-4.0956,-0.1308,0.2208,0.0949,-23.1110,16.0828,34.2651,-0.0000,-0.0000,-0.0000,1.0000,1.0691,0.4577,2.1442,1.0000
-8.2516,3.9685,-3.2696,-0.0446,0.1158,0.0608,-19.4092,17.7643,39.5798,-0.0000,-0.0000,-0.0000,1.0000,1.1190,0.4322,2.0680,1.0000
-8.5016,3.5917,-3.3577,-0.1089,0.0625,0.0646,-17.8207,13.3362,47.6242,-0.0000,-0.0000,-0.0000,1.0000,1.2319,0.3930,2.0300,1.0000
-9.0451,2.7694,-2.6156,-0.0454,-0.1439,-0.1316,-8.4167,19.3573,51.3977,-0.0000,-0.0000,-0.0000,1.0000,1.2725,0.2653,1.9066,1.0000
-9.4733,2.6718,-1.8353,-0.2693,0.1156,-0.0619,-9.1171,13.4079,58.0688,-0.0000,-0.0000,-0.0000,1.0000,1.4552,0.2900,1.8878,1.0000
-9.4874,2.2345,-2.5098,-0.1242,0.1633,-0.0052,-16.0950,9.2041,60.0266,-0.0000,-0.0000,-0.0000,1.0000,1.5112,0.2639,1.9167,1.0000
-8.8281,3.1209,-3.0636,-0.0840,-0.0395,-0.0900,-13.2492,12.6404,58.1329,-0.0000,-0.0000,-0.0000,1.0000,1.3927,0.2871,1.9077,1.0000
-9.2305,2.8089,-2.6469,-0.2290,0.0664,0.0229,-12.4207,7.8430,58.9523,-0.0000,-0.0000,-0.0000,1.0000,1.4984,0.3059,1.8684,1.0000
-8.9002,2.8602,-3.0497,0.2691,-0.1931,-0.0932,-9.9396,5.9052,59.2896,-0.0000,-0.0000,-0.0000,1.0000,1.4786,0.2724,1.8506,1.0000
-9.0103,2.8204,-2.4693,0.0598,-0.0391,-0.0329,-12.5824,7.4387,60.4614,-0.0000,-0.0000,-0.0000,1.0000,1.4339,0.2717,1.8408,1.0000
-9.0666,2.5939,-2.6640,0.0332,0.0208,0.0342,-10.4263,6.6818,60.1593,-0.0000,-0.0000,-0.0000,1.0000,1.4189,0.2808,1.8533,1.0000
-8.7793,2.8762,-3.2964,0.0656,0.7074,0.3936,-35.4996,14.8193,48.5641,-0.0000,-0.0000,-0.0000,1.0000,1.3707,0.3713,2.1085,1.0000
-6.6173,4.0593,-5.6929,0.0801,-0.7552,-0.2066,-39.6957,15.4968,43.0267,-0.0000,-0.0000,-0.0000,1.0000,1.4022,0.4140,2.0683,1.0000
-1.2588,6.9679,4.1275,-0.2339,-0.0304,0.1424,-40.2298,8.6838,32.3593,-0.0000,-0.0000,-0.0000,0.0000,-2.0447,1.1262,0.1465,1.0000
-14.3448,-3.3410,-4.1520,-4.1969,3.2630,3.8913,-32.0709,3.4409,48.9365,-0.0000,-0.0000,-0.0000,0.0000,2.4804,1.2523,1.5684,1.0000
0.1209,6.7978,5.7919,-0.1986,0.1147,0.0994,-38.7741,-1.3565,27.3117,-0.0000,-0.0000,-0.0000,0.0000,-1.9482,0.9554,0.0786,1.0000
0.4967,5.0660,7.5789,0.1321,0.2178,0.2896,-38.0829,1.4084,10.8719,-0.0000,-0.0000,-0.0000,0.0000,-1.5790,0.8158,-0.1146,1.0000
1.9836,5.4790,6.6000,-0.0345,-0.0444,-0.1090,-39.9002,10.6064,9.7672,-0.0000,-0.0000,-0.0000,0.0000,-1.4013,0.7512,-0.1984,1.0000
1.0542,4.8513,7.8602,0.2623,-0.0706,0.1241,-42.5171,8.7524,10.9497,-0.0000,-0.0000,-0.0000,0.0000,-1.4034,0.7478,-0.1783,1.0000
0.5518,5.6280,6.5562,-0.0043,0.0182,-0.0004,-41.4612,8.7112,6.2408,-0.0000,-0.0000,-0.0000,0.0000,-1.4407,0.7681,-0.1753,1.0000
0.7249,5.5150,7.1129,0.0403,-0.0193,0.0056,-43.5898,7.9056,3.6514,-0.0000,-0.0000,-0.0000,0.0000,-1.4524,0.7116,-0.1260,1.0000
1.2625,5.1679,7.4258,-0.1189,0.0662,0.0928,-42.3889,6.8176,3.8589,-0.0000,-0.0000,-0.0000,0.0000,-1.3821,0.6516,-0.1243,1.0000
0.6467,5.3847,6.4698,-0.0301,-0.0125,-0.0922,-42.9626,7.7454,5.9265,-0.0000,-0.0000,-0.0000,0.0000,-1.4764,0.6918,-0.1083,1.0000
-1.0198,5.7270,6.5466,0.0441,-0.2560,-0.0658,-48.7396,-5.6442,4.7623,-0.0000,-0.0000,-0.0000,0.0000,-1.7396,0.7184,0.0971,1.0000
0.5999,5.6937,6.3877,-0.0152,-0.0485,0.0680,-45.6558,5.9723,6.4285,-0.0000,-0.0000,-0.0000,0.0000,-1.4853,0.6977,-0.1145,1.0000
0.8465,4.8416,7.2036,-0.2233,0.1460,0.1260,-45.1065,7.5607,5.2750,-0.0000,-0.0000,-0.0000,0.0000,-1.4300,0.6638,-0.1213,1.0000
0.3885,4.8018,6.6789,-0.0209,0.0031,0.0067,-44.0002,8.6014,5.2017,-0.0000,-0.0000,-0.0000,0.0000,-1.3820,0.6630,-0.1457,1.0000
1.3583,5.4429,6.7126,-0.0160,-0.0391,-0.1333,-45.1202,10.1700,3.6301,-0.0000,-0.0000,-0.0000,0.0000,-1.4184,0.6711,-0.1204,1.0000
1.3976,5.4886,7.3670,0.1089,-0.0919,-0.0615,-44.6167,7.2632,3.0396,-0.0000,-0.0000,-0.0000,0.0000,-1.4072,0.6520,-0.1204,1.0000
3.8339,4.3113,6.8548,-0.2148,-0.0169,-0.2025,-39.5004,23.9548,3.8788,-0.0000,-0.0000,-0.0000,0.0000,-0.9088,0.5733,-0.4826,1.0000
2.8389,4.4674,7.1425,-0.0490,-0.0042,0.0278,-40.4175,18.8980,4.4342,-0.0000,-0.0000,-0.0000,0.0000,-1.0252,0.5956,-0.4283,1.0000
1.7555,5.0330,7.3847,0.2318,-0.6056,-0.7656,-40.5548,2.4796,10.3302,-0.0000,-0.0000,-0.0000,0.0000,-1.6242,0.7930,-0.2835,1.0000
0.5175,6.6342,5.5967,0.0697,0.3197,0.1643,-25.6042,-20.7443,33.8486,-0.0000,-0.0000,-0.0000,0.0000,-2.2256,0.8991,-0.1539,1.0000
2.1208,7.2831,4.1219,0.0074,-0.6261,-0.4667,-38.6124,1.5869,21.7529,-0.0000,-0.0000,-0.0000,0.0000,-1.8095,0.9251,-0.2787,1.0000
-0.4300,7.7299,2.4393,0.3954,0.2728,-0.1327,75.8881,3.5889,50.9460,-0.0000,-0.0000,-0.0000,0.0000,2.1424,1.4882,0.6214,1.0000
-2.5097,8.3846,-0.2085,-0.2668,0.0864,0.6273,67.0135,5.9647,55.9967,-0.0000,-0.0000,-0.0000,0.0000,-0.1467,1.5324,3.0645,1.0000
-2.9774,7.9032,-2.2764,0.6002,0.3195,-0.8338,33.1161,65.9988,23.7015,-0.0000,-0.0000,-0.0000,0.0000,0.6255,0.8903,2.3958,1.0000
-2.6001,8.4391,1.7912,-0.3166,0.8219,0.3139,-0.1328,16.5451,54.0115,-0.0000,-0.0000,-0.0000,0.0000,2.4743,1.3688,0.9545,1.0000
-1.1616,7.7061,-3.2075,0.3747,0.4439,-0.1708,10.8566,37.4344,33.9218,-0.0000,-0.0000,-0.0000,0.0000,0.8740,1.0531,2.6762,1.0000
-4.6901,7.0208,-0.4717,-0.6626,0.3286,1.2402,-9.4833,-0.8606,75.3342,-0.0000,-0.0000,-0.0000,0.0000,-3.0341,1.5243,0.1220,1.0000
0.6898,6.6131,-4.0244,-1.0248,-0.2513,0.3448,-12.4496,-8.7814,42.0792,-0.0000,-0.0000,-0.0000,0.0000,-1.3632,1.4415,-1.7876,1.0000
2.4984,9.2865,-0.1264,0.8115,-0.0777,-1.4653,-1.8845,-7.7789,44.2032,-0.0000,-0.0000,-0.0000,0.0000,0.9859,1.3709,2.1922,1.0000
-0.6021,6.6150,-4.3087,0.2418,-0.4635,0.7021,-4.2542,23.2529,39.5294,-0.0000,-0.0000,-0.0000,0.0000,-0.0537,1.1014,-3.1037,1.0000
-1.8157,7.8189,-1.4203,0.9374,0.7652,0.1709,15.4297,34.1202,48.4055,-0.0000,-0.0000,-0.0000,0.0000,0.2115,1.1542,3.0110,1.0000
0.6396,6.8297,-4.5789,-0.2540,-0.1056,0.4305,-3.2181,32.4814,40.6021,-0.0000,-0.0000,-0.0000,0.0000,-0.4596,0.9481,-2.9117,1.0000
1.6377,7.8462,-2.5611,-0.7523,-0.5202,0.0188,17.7551,-15.3778,59.4070,-0.0000,-0.0000,-0.0000,0.0000,-1.8816,1.4155,-1.9954,1.0000
0.2952,8.4607,1.5299,-0.0115,-0.3689,-0.0609,28.3066,-27.9648,35.9375,-0.0000,-0.0000,-0.0000,0.0000,2.3208,1.3302,-0.1904,1.0000
1.1904,9.7592,4.5426,1.0254,-0.1252,-1.1528,83.8043,-7.9315,44.5221,-0.0000,-0.0000,-0.0000,0.0000,0.8048,1.3776,0.9743,1.0000
-2.8993,8.9198,2.8681,-0.2065,0.1384,0.4449,47.0551,-9.4681,28.3600,-0.0000,-0.0000,-0.0000,0.0000,1.1803,1.4280,0.5822,1.0000
-1.0177,8.5272,-0.3345,0.1973,0.0472,-0.1390,59.5505,6.5125,34.7427,-0.0000,-0.0000,-0.0000,0.0000,-0.2579,1.3965,2.1470,1.0000
-1.4929,8.4999,0.5271,0.0556,0.0864,-0.0811,57.6736,-0.2319,38.9999,-0.0000,-0.0000,-0.0000,0.0000,0.4480,1.4258,1.6163,1.0000
-1.2072,8.2763,-0.0591,-0.0669,0.0374,0.1070,54.8126,-0.4272,38.5544,-0.0000,-0.0000,-0.0000,0.0000,0.3632,1.4456,1.7413,1.0000
-0.5442,9.2543,2.5283,0.3204,-0.2091,-0.0040,36.5829,-17.7628,35.6674,-0.0000,-0.0000,-0.0000,0.0000,2.1189,1.5107,0.1193,1.0000
-1.7482,7.3905,-5.5230,0.0136,-0.1198,0.0495,53.6240,32.4356,33.6395,-0.0000,-0.0000,-0.0000,0.0000,-0.6867,1.0192,2.8351,1.0000
-3.2203,6.3279,2.6535,-0.8022,1.3790,0.6951,-22.2900,-12.1506,59.2773,-0.0000,-0.0000,-0.0000,0.0000,-2.8075,1.1762,0.2259,1.0000
-0.9375,5.1557,8.1735,1.1790,0.6868,-0.1352,-41.8869,-4.5837,0.5508,-0.0000,-0.0000,-0.0000,0.0000,-2.4088,1.0196,0.4338,1.0000
-1.6699,6.5610,5.2132,-0.4745,0.0193,0.1096,-43.4326,5.7632,-9.3704,-0.0000,-0.0000,-0.0000,0.0000,-1.8998,0.8765,0.2405,1.0000
-2.5004,6.1998,6.6329,0.1327,0.1431,0.2911,-41.7465,2.9419,-7.9041,-0.0000,-0.0000,-0.0000,0.0000,-1.8258,0.8855,0.2539,1.0000
-2.1905,5.9852,6.2298,-0.1200,0.0921,0.1656,-42.7689,1.3519,-7.7393,-0.0000,-0.0000,-0.0000,0.0000,-1.7487,0.8210,0.2416,1.0000
-1.6163,5.9951,5.9953,-0.0659,0.0534,0.0186,-41.5222,5.3131,-8.8593,-0.0000,-0.0000,-0.0000,0.0000,-1.6499,0.8231,0.2276,1.0000
-1.6642,6.0911,5.7218,-0.1076,-0.0152,0.0216,-42.2546,6.7169,-7.7103,-0.0000,-0.0000,-0.0000,0.0000,-1.6048,0.8211,0.2206,1.0000
-1.6982,6.2495,6.3003,0.0518,0.0180,-0.0091,-42.5552,4.7455,-8.2703,-0.0000,-0.0000,-0.0000,0.0000,-1.6086,0.8259,0.2561,1.0000
-1.5950,6.5602,5.9848,-0.0859,0.0653,0.0210,-43.4937,3.7949,-10.0006,-0.0000,-0.0000,-0.0000,0.0000,-1.5520,0.7945,0.2624,1.0000
-2.1762,5.8047,6.2258,0.0982,0.0131,0.1164,-43.6752,6.7093,-10.3775,-0.0000,-0.0000,-0.0000,0.0000,-1.4914,0.8051,0.2491,1.0000
-1.7386,6.2136,6.2065,-0.0467,0.0201,0.0322,-41.2247,8.6319,-10.0632,-0.0000,-0.0000,-0.0000,0.0000,-1.4670,0.7842,0.2409,1.0000
-1.7249,6.0092,6.3676,-0.0844,0.0674,0.1637,-43.1442,9.7870,-9.9167,-0.0000,-0.0000,-0.0000,0.0000,-1.3962,0.7743,0.2198,1.0000
-1.2539,5.9239,6.4466,-0.0137,-0.3979,-0.1137,-42.8177,6.9412,-6.8298,-0.0000,-0.0000,-0.0000,0.0000,-1.4592,0.7621,0.1663,1.0000
-0.8876,3.6662,8.3367,-0.7587,0.8059,-0.0960,-36.6714,-6.6101,-5.3543,-0.0000,-0.0000,-0.0000,0.0000,-1.6949,0.3518,0.2458,1.0000
-4.9494,5.3235,5.9156,0.0368,-0.1365,0.1021,-38.1027,-12.9822,-11.9217,-0.0000,-0.0000,-0.0000,0.0000,-1.9779,0.6297,0.5814,1.0000
-2.9725,3.8741,7.5715,0.3922,-0.3071,0.1300,-36.5433,-12.1201,-6.3400,-0.0000,-0.0000,-0.0000,0.0000,-1.9475,0.5090,0.3024,1.0000
-2.6590,4.9268,7.1078,-0.0467,-0.0608,-0.0440,-35.4416,-11.6394,-4.8203,-0.0000,-0.0000,-0.0000,0.0000,-1.9955,0.5568,0.3608,1.0000
-3.5412,3.4150,7.1867,-0.9396,0.2562,0.3580,-36.9278,-10.9985,-11.3388,-0.0000,-0.0000,-0.0000,0.0000,-1.7867,0.3204,0.4173,1.0000
-0.1346,3.8785,8.0237,0.0797,0.1034,-0.1148,-40.7166,-1.2558,0.1205,-0.0000,-0.0000,-0.0000,0.0000,-1.6446,0.4646,0.1408,1.0000
-0.3622,3.6654,8.7468,0.1719,0.3252,0.1609,-41.6443,-5.7678,1.7151,-0.0000,-0.0000,-0.0000,0.0000,-1.7302,0.4836,0.1145,1.0000
-2.1209,3.7392,7.8716,-1.2489,-0.3137,0.2027,-41.9281,-7.2464,-3.0670,-0.0000,-0.0000,-0.0000,0.0000,-1.6863,0.1725,0.1441,1.0000
0.0866,4.3321,7.1654,-0.1515,0.4094,-0.0794,-39.3417,-8.2809,6.9473,-0.0000,-0.0000,-0.0000,0.0000,-1.8516,0.5042,0.0827,1.0000
0.1107,4.6380,10.9779,0.6764,-0.1469,-0.3395,-40.1062,-6.0394,-3.2013,-0.0000,-0.0000,-0.0000,0.0000,-1.7842,0.4721,0.2062,1.0000
-1.7754,4.6082,7.6488,-1.1982,0.4162,0.4287,-41.2018,-11.0382,1.3321,-0.0000,-0.0000,-0.0000,0.0000,-1.7992,0.3082,0.2381,1.0000
-1.9288,4.5891,7.7255,-0.0520,-0.1522,-0.0843,-47.4609,-0.3799,11.5784,-0.0000,-0.0000,-0.0000,0.0000,-1.9404,0.5294,0.1850,1.0000
-0.9731,4.8300,7.5685,0.0639,-0.0994,-0.0822,-43.4891,-3.1097,17.5369,-0.0000,-0.0000,-0.0000,0.0000,-2.0266,0.5696,0.1350,1.0000
0.1213,5.2862,7.0773,0.0126,-0.2941,0.1548,-33.3420,-12.3749,23.9685,-0.0000,-0.0000,-0.0000,0.0000,-2.1546,0.5827,-0.0387,1.0000
0.0834,2.1219,9.8263,0.1412,-0.1416,-0.1365,-30.1392,-18.5043,13.1546,-0.0000,-0.0000,-0.0000,0.0000,-2.1417,0.3289,-0.0382,1.0000
0.5225,4.0264,7.7099,-0.0209,-0.1712,-0.0421,-23.9380,-14.0564,23.7244,-0.0000,-0.0000,-0.0000,0.0000,-2.2447,0.4736,-0.2359,1.0000
0.5263,3.8789,7.7814,-0.5354,0.2592,0.5293,-27.0493,-17.0441,13.2721,-0.0000,-0.0000,-0.0000,0.0000,-2.2153,0.3204,-0.0923,1.0000
-0.3956,4.9173,7.1461,-0.2461,0.1648,0.4051,-26.9867,-14.5996,12.9868,-0.0000,-0.0000,-0.0000,0.0000,-2.0378,0.4878,-0.0662,1.0000
-1.4570,4.4753,7.7617,0.0886,0.0606,0.0129,-38.4003,-2.0081,-0.7019,-0.0000,-0.0000,-0.0000,0.0000,-1.7661,0.4844,0.1834,1.0000
1.1719,3.7270,8.1813,0.2175,0.0777,-0.1248,-37.8952,8.2703,-6.8863,-0.0000,-0.0000,-0.0000,0.0000,-1.3800,0.3598,0.1046,1.0000
-0.8493,3.4636,8.4178,0.2164,-0.0129,-0.0110,-41.2567,14.4760,-12.9929,-0.0000,-0.0000,-0.0000,0.0000,-1.2530,0.3513,0.1864,1.0000
-2.0295,3.8664,7.3228,0.3289,-0.9661,-0.4373,-39.6423,-9.6970,5.5481,-0.0000,-0.0000,-0.0000,0.0000,-1.7685,0.5086,0.0710,1.0000
-1.2768,4.4865,7.5387,-0.1025,1.0153,0.1929,-46.4920,-0.5890,-8.0124,-0.0000,-0.0000,-0.0000,0.0000,-1.6165,0.5517,0.3819,1.0000
-4.0172,4.6711,5.7682,-0.4845,0.2117,0.4319,-45.6512,8.5205,-16.0385,-0.0000,-0.0000,-0.0000,0.0000,-1.4906,0.6043,0.4670,1.0000
-1.6576,2.7658,8.8107,0.0096,-0.1414,0.2628,-39.0350,16.1682,-14.3311,-0.0000,-0.0000,-0.0000,0.0000,-1.1754,0.3807,0.2102,1.0000
-1.6551,4.1665,7.1289,0.0322,-0.4797,-0.4535,-40.0436,-8.1192,3.8437,-0.0000,-0.0000,-0.0000,0.0000,-1.7494,0.5952,0.1211,1.0000
-1.4261,4.6854,7.9550,0.1425,-0.1514,-0.1145,-41.7709,-10.6613,3.1876,-0.0000,-0.0000,-0.0000,0.0000,-1.8742,0.5421,0.1654,1.0000
-1.7003,4.0430,8.8411,0.7991,-0.2551,-0.8730,-44.5389,4.5639,-9.1431,-0.0000,-0.0000,-0.0000,0.0000,-1.5382,0.6119,0.2798,1.0000
-1.8597,3.9485,8.5679,0.1425,-0.0203,0.0107,-41.8411,6.9763,-11.3907,-0.0000,-0.0000,-0.0000,0.0000,-1.3928,0.4688,0.2417,1.0000
-3.6418,3.0718,7.3153,-0.2190,0.6258,0.8913,-41.4581,6.7291,-8.0673,-0.0000,-0.0000,-0.0000,0.0000,-1.5438,0.5027,0.2556,1.0000
-2.3946,3.3954,8.1804,0.0628,-0.0193,-0.0347,-40.8920,7.7789,-11.6119,-0.0000,-0.0000,-0.0000,0.0000,-1.3800,0.4392,0.2478,1.0000
-0.2539,4.0956,8.1796,0.0160,0.0299,-0.0351,-41.2491,12.6572,-11.4426,-0.0000,-0.0000,-0.0000,0.0000,-1.2521,0.4262,0.1990,1.0000
-0.2782,3.0110,8.0820,0.0643,0.1486,-0.3866,-38.9328,-7.0740,2.7176,-0.0000,-0.0000,-0.0000,0.0000,-1.7681,0.4145,0.0681,1.0000
-4.7973,5.6511,5.3188,0.2358,0.1529,-0.0555,-36.8286,-12.8845,-12.1918,-0.0000,-0.0000,-0.0000,0.0000,-2.1107,0.7084,0.6529,1.0000
-3.2886,5.3537,6.3823,-0.7429,-0.6054,-0.0070,-36.6165,-14.5752,-3.7994,-0.0000,-0.0000,-0.0000,0.0000,-2.0359,0.6006,0.3829,1.0000
-2.4156,3.2602,8.3053,0.0790,0.2715,0.1298,-39.5325,-6.2515,-6.6391,-0.0000,-0.0000,-0.0000,0.0000,-1.7021,0.3724,0.3273,1.0000
-3.4112,3.1396,8.7829,0.9666,-0.3587,0.3197,-40.0330,-14.0625,-5.5542,-0.0000,-0.0000,-0.0000,0.0000,-1.8420,0.5384,0.1470,1.0000
-0.7392,5.2655,7.3103,0.2286,0.0278,-0.0398,-41.6443,-7.5943,4.7668,-0.0000,-0.0000,-0.0000,0.0000,-1.8300,0.6440,0.1033,1.0000
-0.8255,4.4299,8.1120,-0.0147,-0.0615,-0.0385,-39.8605,-11.5067,4.1595,-0.0000,-0.0000,-0.0000,0.0000,-1.8714,0.5075,0.0876,1.0000
-1.0353,5.2499,6.8718,-0.2670,0.0777,0.0793,-39.3951,-10.2417,4.5914,-0.0000,-0.0000,-0.0000,0.0000,-1.8707,0.5456,0.1585,1.0000
-1.8622,5.4015,6.8685,0.1208,0.2419,0.1876,-43.0862,-3.4958,0.1175,-0.0000,-0.0000,-0.0000,0.0000,-1.7739,0.7142,0.2444,1.0000
-1.0274,5.1210,6.8483,-0.7606,-0.2726,-0.1226,-41.9830,-5.2383,5.3757,-0.0000,-0.0000,-0.0000,0.0000,-1.8654,0.5178,0.1056,1.0000
-1.8841,5.4583,6.6463,-0.6511,-0.7454,-0.3385,-43.9606,-4.9362,2.2354,-0.0000,-0.0000,-0.0000,0.0000,-1.9098,0.5434,0.1247,1.0000
-0.6790,5.1281,7.0524,0.1725,0.5042,0.3358,-39.3997,-10.9604,6.7886,-0.0000,-0.0000,-0.0000,0.0000,-1.9224,0.6689,0.1922,1.0000
3.0404,4.1416,11.1989,0.8450,-0.2428,-1.4391,-34.8740,24.7482,-17.0715,-0.0000,-0.0000,-0.0000,0.0000,-1.2382,0.4592,0.3121,1.0000
-3.1730,3.1615,8.8787,0.0569,0.1237,0.0962,-39.6637,6.6391,-17.1906,-0.0000,-0.0000,-0.0000,0.0000,-1.4481,0.3824,0.3605,1.0000
-2.1593,4.3243,8.5233,0.1110,-0.0642,-0.0881,-41.6687,8.3420,-16.6824,-0.0000,-0.0000,-0.0000,0.0000,-1.4428,0.4176,0.3520,1.0000
-2.9411,3.8899,6.9770,-0.1504,-0.0655,-0.0677,-41.8076,5.6610,-16.6183,-0.0000,-0.0000,-0.0000,0.0000,-1.4750,0.4118,0.3396,1.0000
-2.5388,4.0829,7.8357,0.0991,-0.0434,-0.1075,-42.9901,3.7491,-15.6235,-0.0000,-0.0000,-0.0000,0.0000,-1.4905,0.4087,0.3462,1.0000
-3.6854,3.9361,6.7349,-0.2580,0.0806,0.1771,-41.9998,-1.5213,-14.4882,-0.0000,-0.0000,-0.0000,0.0000,-1.6209,0.5014,0.3558,1.0000
-2.7798,3.5785,8.4874,0.2563,-0.0316,0.0114,-42.4194,2.2629,-16.0980,-0.0000,-0.0000,-0.0000,0.0000,-1.5169,0.4488,0.3605,1.0000
-2.8489,3.2573,7.8166,-0.5437,-1.2303,0.6243,-41.5070,2.7100,-7.8171,-0.0000,-0.0000,-0.0000,0.0000,-1.4352,0.1804,0.0847,1.0000
0.4818,5.7693,6.3781,-0.2442,0.4015,0.5451,-39.1830,-0.4196,11.0397,-0.0000,-0.0000,-0.0000,0.0000,-1.6481,0.5930,-0.1819,1.0000
1.9294,5.5820,7.1921,0.3093,-0.2498,-0.4733,-39.5065,-3.7659,17.8818,-0.0000,-0.0000,-0.0000,0.0000,-1.7586,0.6901,-0.1807,1.0000
0.8306,6.1136,5.7466,-0.3053,0.0040,0.0813,-38.6261,-5.3360,19.2215,-0.0000,-0.0000,-0.0000,0.0000,-1.8106,0.7185,-0.1602,1.0000
1.3230,4.5980,6.5388,0.0754,-0.0348,-0.0425,-40.3000,-0.8362,12.4496,-0.0000,-0.0000,-0.0000,0.0000,-1.7066,0.6684,-0.1385,1.0000
0.1698,3.2162,9.4691,0.4710,-0.2992,-0.4646,-34.9304,-11.5204,5.0385,-0.0000,-0.0000,-0.0000,0.0000,-1.9288,0.4606,0.0179,1.0000
-4.3410,5.5373,5.7881,0.4210,0.5394,-0.0417,-33.3008,-17.0166,-10.9451,-0.0000,-0.0000,-0.0000,0.0000,-2.2394,0.6557,0.6824,1.0000
-4.0499,5.6674,5.6282,-0.4453,-0.4375,-0.3118,-30.2292,-19.0704,-0.7416,-0.0000,-0.0000,-0.0000,0.0000,-2.1962,0.5664,0.4507,1.0000
-2.2839,3.0000,9.2796,-0.0469,0.0847,0.0813,-25.6912,-19.6396,-0.4608,-0.0000,-0.0000,-0.0000,0.0000,-2.1864,0.3878,0.2697,1.0000
-2.3223,3.4744,8.1102,0.2101,-0.0988,-0.0709,-27.3590,-20.9305,1.0330,-0.0000,-0.0000,-0.0000,0.0000,-2.2906,0.4654,0.2200,1.0000
-0.8430,4.5345,7.5177,-0.2201,-0.2357,-0.0379,-26.2970,-19.6960,9.8999,-0.0000,-0.0000,-0.0000,0.0000,-2.3079,0.4747,0.0952,1.0000
-0.9963,4.1318,7.9370,0.3253,-0.1134,-0.1927,-23.5794,-20.5994,8.7143,-0.0000,-0.0000,-0.0000,0.0000,-2.4299,0.5265,0.1238,1.0000
-0.0829,2.2391,9.7418,1.7598,-0.3838,-0.3323,-22.5006,-23.5580,4.3808,-0.0000,-0.0000,-0.0000,0.0000,-2.4011,0.4911,0.0242,1.0000
-1.0406,4.3493,8.2517,0.0880,-0.0444,-0.1186,-21.6934,-20.6757,13.9511,-0.0000,-0.0000,-0.0000,0.0000,-2.5097,0.4876,0.0971,1.0000
-1.9284,3.3774,7.7813,-0.3322,0.7893,0.6710,-25.7935,-20.5368,5.6488,-0.0000,-0.0000,-0.0000,0.0000,-2.2302,0.3815,0.3466,1.0000
-2.8220,3.3372,7.8367,-0.0420,-0.1699,0.0043,-28.8132,-19.7021,3.5202,-0.0000,-0.0000,-0.0000,0.0000,-2.3008,0.4184,0.2694,1.0000
-1.9403,3.8284,8.2404,0.1615,0.0708,-0.0498,-28.2776,-16.7786,3.2349,-0.0000,-0.0000,-0.0000,0.0000,-2.2775,0.4499,0.3210,1.0000
-2.5189,3.8024,8.0194,0.0573,-0.0331,-0.1399,-27.0752,-16.7526,1.3855,-0.0000,-0.0000,-0.0000,0.0000,-2.2745,0.4172,0.3391,1.0000
-2.6982,4.0514,7.8734,0.0439,-0.1132,-0.1783,-28.2867,-15.2786,2.8214,-0.0000,-0.0000,-0.0000,0.0000,-2.2991,0.4515,0.3305,1.0000
-2.8358,4.1547,7.8522,0.0166,-0.0267,-0.0195,-25.0061,-18.5501,4.3411,-0.0000,-0.0000,-0.0000,0.0000,-2.3629,0.4594,0.3403,1.0000
-3.3223,3.7065,7.8186,0.1306,-0.0127,0.0371,-25.8179,-15.8768,3.1998,-0.0000,-0.0000,-0.0000,0.0000,-2.3058,0.4328,0.3409,1.0000
-2.7941,4.2876,6.7988,0.4365,-1.2552,-0.5070,-18.1122,-19.1162,11.1465,-0.0000,-0.0000,-0.0000,0.0000,-2.5501,0.5361,0.1208,1.0000
-1.6582,4.2524,8.5658,0.0697,-0.0329,-0.0351,-23.0377,-16.7175,5.7739,-0.0000,-0.0000,-0.0000,0.0000,-2.3399,0.4429,0.2752,1.0000
-1.7676,4.3174,8.6909,0.7227,-1.0641,-0.5149,-16.6138,-18.3945,12.9715,-0.0000,-0.0000,-0.0000,0.0000,-2.5272,0.5338,0.1189,1.0000
-1.4822,4.5414,8.0059,0.1666,0.0212,0.1053,-16.2109,-17.4316,10.3271,-0.0000,-0.0000,-0.0000,0.0000,-2.5164,0.4933,0.1919,1.0000
-1.9328,4.2041,7.6284,-0.0575,0.0523,0.0139,-16.6061,-17.1951,9.3338,-0.0000,-0.0000,-0.0000,0.0000,-2.5286,0.4878,0.2160,1.0000
-2.8948,5.3664,7.0655,0.1487,0.1443,-0.2175,-19.8898,-14.1663,8.8715,-0.0000,-0.0000,-0.0000,0.0000,-2.6707,0.5812,0.4591,1.0000
-3.3824,4.5967,6.6810,-0.4700,-0.0203,-0.1983,-17.3218,-16.5695,8.0215,-0.0000,-0.0000,-0.0000,0.0000,-2.6605,0.4550,0.5000,1.0000
-3.5815,2.8569,8.1306,-0.0727,-0.0898,-0.1962,-7.0114,-19.6335,3.1754,-0.0000,-0.0000,-0.0000,0.0000,-2.7748,0.2882,0.4185,1.0000
-3.8412,2.4670,8.3866,0.0688,-0.1923,-0.0278,-4.1061,-16.2186,5.7953,-0.0000,-0.0000,-0.0000,0.0000,-2.9163,0.3379,0.3491,1.0000
-2.6591,2.8689,8.9960,0.2571,-0.1980,-0.0551,0.5768,-14.1785,4.7363,-0.0000,-0.0000,-0.0000,0.0000,-3.0828,0.3366,0.2783,1.0000
-3.5928,3.2150,7.9906,0.0074,0.0302,0.0572,2.4765,-13.2080,5.1361,-0.0000,-0.0000,-0.0000,0.0000,3.1051,0.3505,0.3136,1.0000
-3.5755,3.0730,8.5034,0.1870,0.0071,0.0585,3.6621,-13.9145,7.9651,-0.0000,-0.0000,-0.0000,0.0000,3.0448,0.3717,0.3215,1.0000
-3.3976,3.3578,8.4722,0.1248,-0.0306,-0.0690,5.8014,-11.6699,6.1600,-0.0000,-0.0000,-0.0000,0.0000,2.9157,0.3915,0.3485,1.0000
-2.3788,3.4476,8.3893,0.1086,-0.1058,-0.1582,8.0032,-9.8389,8.6502,-0.0000,-0.0000,-0.0000,0.0000,2.7908,0.3979,0.3119,1.0000
-2.8463,3.1386,8.0630,-0.0254,-0.0661,-0.1009,12.2116,-7.8827,7.2815,-0.0000,-0.0000,-0.0000,0.0000,2.6233,0.3760,0.2880,1.0000
-2.4539,3.6537,7.9237,0.0053,-0.0316,-0.0421,16.6428,-3.1601,4.5700,-0.0000,-0.0000,-0.0000,0.0000,2.2712,0.4169,0.2615,1.0000
-2.3496,4.2671,7.4469,-0.0134,-0.0581,-0.1646,17.7322,-0.2319,4.8248,-0.0000,-0.0000,-0.0000,0.0000,1.9089,0.4365,0.2619,1.0000
-3.5792,3.9417,6.6055,-0.1962,0.1307,0.0429,14.8453,1.2146,7.3456,-0.0000,-0.0000,-0.0000,0.0000,1.8317,0.4736,0.3447,1.0000
-3.6655,2.0593,8.9229,0.1370,-0.0666,0.1673,15.5792,-1.4572,7.8064,-0.0000,-0.0000,-0.0000,0.0000,1.9005,0.4288,0.3003,1.0000
-3.3262,2.6307,8.8257,0.1704,-0.2396,-0.2820,17.3325,0.0778,4.8813,-0.0000,-0.0000,-0.0000,0.0000,1.6308,0.3745,0.2869,1.0000
-3.8276,2.5928,8.3391,-0.1647,0.1362,-0.0557,16.9159,3.8666,2.2949,-0.0000,-0.0000,-0.0000,0.0000,1.4411,0.3230,0.3479,1.0000
-3.3600,3.8324,8.2142,0.0074,0.0291,-0.0440,19.2398,1.1353,3.5507,-0.0000,-0.0000,-0.0000,0.0000,1.4848,0.3108,0.3824,1.0000
-3.4670,3.5474,7.9039,-0.0424,-0.0101,0.0105,17.6453,1.9043,2.8900,-0.0000,-0.0000,-0.0000,0.0000,1.4632,0.3052,0.3849,1.0000
-3.5146,3.3500,7.8570,-0.2293,0.0702,0.1224,19.4031,0.1892,4.1061,-0.0000,-0.0000,-0.0000,0.0000,1.4985,0.2832,0.3897,1.0000
-4.0845,2.5669,8.6744,0.2158,-0.1100,0.2008,19.8914,0.1266,2.0142,-0.0000,-0.0000,-0.0000,0.0000,1.5617,0.2927,0.3961,1.0000
-3.0558,2.8471,8.7049,0.1270,-0.0470,-0.1346,19.4138,0.1999,1.6998,-0.0000,-0.0000,-0.0000,0.0000,1.5196,0.2716,0.3852,1.0000
-3.5344,2.5221,8.1992,-0.0565,0.0576,0.0529,20.2179,-0.4944,1.2115,-0.0000,-0.0000,-0.0000,0.0000,1.5199,0.2518,0.3803,1.0000
-3.5422,2.2490,8.9210,0.0273,0.1450,0.2123,20.3644,0.6851,2.0126,-0.0000,-0.0000,-0.0000,0.0000,1.5257,0.2736,0.3627,1.0000
-4.1067,2.8153,8.2059,-0.0526,0.0423,0.1541,19.3146,2.7985,1.7822,-0.0000,-0.0000,-0.0000,0.0000,1.3862,0.2999,0.3922,1.0000
-3.3593,3.9523,7.2201,-0.1002,0.0404,0.1616,15.8875,1.3962,5.1880,-0.0000,-0.0000,-0.0000,0.0000,1.4606,0.3871,0.4265,1.0000
-2.8431,4.6584,7.3553,0.1086,0.0302,0.0310,16.6077,0.4578,5.9814,-0.0000,-0.0000,-0.0000,0.0000,1.5170,0.4437,0.4053,1.0000
-2.9763,4.6016,7.3149,-0.0563,0.0740,0.0742,14.2441,-1.9348,4.8538,-0.0000,-0.0000,-0.0000,0.0000,1.5803,0.4168,0.4070,1.0000
-2.7343,4.6514,7.8138,0.1400,-0.0120,-0.1227,12.6572,-2.8259,5.6625,-0.0000,-0.0000,-0.0000,0.0000,1.6053,0.4684,0.4357,1.0000
-2.6994,4.0792,7.9039,0.3837,-0.1618,-0.1863,13.6108,-3.2120,6.5979,-0.0000,-0.0000,-0.0000,0.0000,1.5535,0.4813,0.4318,1.0000
-2.3800,4.1468,7.8293,0.0620,-0.0116,-0.0110,13.1470,-3.6819,4.4937,-0.0000,-0.0000,-0.0000,0.0000,1.6721,0.4571,0.4022,1.0000
-4.8409,3.3949,7.7160,-0.0531,0.0346,0.2945,12.6556,-3.7796,7.3395,-0.0000,-0.0000,-0.0000,0.0000,1.6885,0.4251,0.4119,1.0000
-3.3436,3.4135,8.1384,0.2527,-0.0892,-0.1186,10.8292,-4.3579,7.6080,-0.0000,-0.0000,-0.0000,0.0000,1.7495,0.4917,0.3922,1.0000
-1.6091,3.9975,7.8256,-0.1338,-0.1488,-0.5743,13.2278,-4.9484,6.0303,-0.0000,-0.0000,-0.0000,0.0000,1.6950,0.3701,0.4033,1.0000
-4.8896,1.5979,8.0769,-0.0379,-0.0293,0.2506,17.1982,-3.0746,4.7318,-0.0000,-0.0000,-0.0000,0.0000,1.6629,0.3550,0.3922,1.0000
-3.4326,3.1204,8.3531,0.3274,-0.1320,0.0421,17.8162,0.0122,3.5431,-0.0000,-0.0000,-0.0000,0.0000,1.5839,0.4189,0.3615,1.0000
1.4112,3.9711,8.8944,1.8423,-3.4861,-1.6754,20.3857,6.7429,-12.9486,-0.0000,-0.0000,-0.0000,0.0000,1.2936,1.0370,-0.9594,1.0000
-3.2975,7.8535,-1.7211,0.4278,-0.2835,-0.0662,30.9433,17.9840,-26.5671,-0.0000,-0.0000,-0.0000,0.0000,-2.7309,1.1784,2.6110,1.0000
-3.8509,7.6428,-3.0493,0.0809,0.1254,-0.0945,30.5893,12.0667,-25.9766,-0.0000,-0.0000,-0.0000,0.0000,-2.0856,1.0907,2.6366,1.0000
-3.8949,7.0640,-3.3548,-0.0384,0.0549,0.0175,31.2195,13.3408,-26.9699,-0.0000,-0.0000,-0.0000,0.0000,-1.6113,1.0506,2.5354,1.0000
-2.2990,8.2045,-2.6619,-0.2137,-0.0591,0.1837,35.8566,6.2790,-19.5328,-0.0000,-0.0000,-0.0000,0.0000,-1.5736,1.2393,2.5595,1.0000
-1.4101,8.0013,-1.1926,-0.1702,-0.0696,0.2021,33.4427,-9.5032,-21.3776,-0.0000,-0.0000,-0.0000,0.0000,-1.6866,1.4129,2.6944,1.0000
-0.9751,7.9940,-1.6005,-0.0198,0.0570,0.0840,32.0953,-10.0723,-21.6232,-0.0000,-0.0000,-0.0000,0.0000,-1.7274,1.4045,2.7223,1.0000
-0.5248,8.3375,-0.7648,-0.1837,-0.1746,-0.0483,24.7437,-12.5092,-27.6886,-0.0000,-0.0000,-0.0000,0.0000,-1.7490,1.5220,2.6426,1.0000
6.4443,2.9582,10.7381,0.3571,-0.2890,-0.2581,16.6626,-8.6182,-7.4707,-0.0000,-0.0000,-0.0000,0.0000,3.0298,0.4519,-0.3717,1.0000
1.6236,3.3440,8.6519,0.5690,-0.1825,-1.0209,18.7653,-4.6631,-4.6600,-0.0000,-0.0000,-0.0000,0.0000,2.4097,0.5677,-0.1216,1.0000
-0.6591,5.4813,6.8658,-0.0927,-0.0325,-0.0500,19.0842,4.3915,-2.6993,-0.0000,-0.0000,-0.0000,0.0000,1.8918,0.6832,-0.0400,1.0000
5.3004,6.3755,9.2363,3.2120,-5.0550,-3.7337,18.2480,13.1561,-8.8791,-0.0000,-0.0000,-0.0000,0.0000,-0.7629,1.4383,1.1611,1.0000
-4.5427,6.9234,-3.4204,-0.0637,-0.0540,0.1511,28.4027,20.2576,-31.7261,-0.0000,-0.0000,-0.0000,0.0000,-2.0541,1.0747,2.3169,1.0000
-4.2997,7.2439,-3.3613,0.3044,-0.1039,-0.3975,26.9913,18.1137,-32.4600,-0.0000,-0.0000,-0.0000,0.0000,-1.7525,0.9013,2.3080,1.0000
-4.0550,7.0125,-2.9105,-0.1705,0.1039,0.1918,33.5785,15.4099,-24.2554,-0.0000,-0.0000,-0.0000,0.0000,-1.5989,1.1238,2.3210,1.0000
-3.8739,7.5700,-3.1660,0.3281,-0.0708,-0.2534,29.1260,17.0975,-27.7191,-0.0000,-0.0000,-0.0000,0.0000,-1.4997,0.9710,2.3199,1.0000
-3.7598,6.7232,-5.6135,-5.0587,5.1179,0.8706,32.8751,30.2597,-0.5905,-0.0000,-0.0000,-0.0000,0.0000,1.5086,1.3417,0.6133,1.0000
0.9984,6.1373,5.8868,-0.2148,0.1806,-0.0334,19.8715,2.4109,2.3315,-0.0000,-0.0000,-0.0000,0.0000,2.7242,0.8292,-0.0896,1.0000
1.0884,3.6262,8.6419,0.2597,-0.2021,-0.0815,20.8008,-1.8097,-2.3499,-0.0000,-0.0000,-0.0000,0.0000,2.8605,0.5672,-0.1687,1.0000
0.6797,3.5449,7.9410,0.0460,0.0314,0.1232,18.5852,-3.7338,-1.6052,-0.0000,-0.0000,-0.0000,0.0000,2.6196,0.4910,-0.1596,1.0000
1.0756,3.2193,8.5147,-0.0416,-0.0174,-0.0093,19.2291,-3.3203,-3.9307,-0.0000,-0.0000,-0.0000,0.0000,2.2594,0.4510,-0.1528,1.0000
0.7456,3.4642,8.4043,-0.1166,0.0244,-0.0920,19.8624,-3.6331,-2.6276,-0.0000,-0.0000,-0.0000,0.0000,1.8881,0.4295,-0.1012,1.0000
0.1429,2.7942,8.0950,-0.2178,0.0949,0.0898,19.3878,-4.1931,-2.3254,-0.0000,-0.0000,-0.0000,0.0000,1.8343,0.3985,-0.0924,1.0000
0.4668,3.3755,8.1132,-0.7951,0.1804,-0.0664,19.4077,-5.4428,-4.4739,-0.0000,-0.0000,-0.0000,0.0000,1.7215,0.2621,-0.0720,1.0000
0.4528,2.1329,9.0346,0.8858,-0.0429,-0.4022,21.6827,-0.0443,-6.5048,-0.0000,-0.0000,-0.0000,0.0000,1.4698,0.3840,-0.0523,1.0000
-0.5762,3.2894,8.2246,-0.1353,0.0082,0.0423,21.5698,2.0630,-2.8778,-0.0000,-0.0000,-0.0000,0.0000,1.4877,0.4202,0.0234,1.0000